model,region,period,season,rx1day,r95p
ACCESS-CM2,uae,hist,1990,16.0313,10.4743
ACCESS-CM2,uae,hist,1991,8.6094,0.3089
ACCESS-CM2,uae,hist,1992,4.1734,0.0
ACCESS-CM2,uae,hist,1993,14.1705,5.0418
ACCESS-CM2,uae,hist,1994,13.8409,3.3697
ACCESS-CM2,uae,hist,1995,7.2613,1.2821
ACCESS-CM2,uae,hist,1996,7.1208,0.0669
ACCESS-CM2,uae,hist,1997,3.7277,0.2644
ACCESS-CM2,uae,hist,1998,11.5496,5.293
ACCESS-CM2,uae,hist,1999,11.079,2.3482
ACCESS-CM2,uae,hist,2000,18.4272,12.7999
ACCESS-CM2,uae,hist,2001,14.1141,7.394
ACCESS-CM2,uae,hist,2002,4.4945,0.8177
ACCESS-CM2,uae,hist,2003,17.6116,9.4002
ACCESS-CM2,uae,hist,2004,10.4596,4.5703
ACCESS-CM2,uae,hist,2005,2.9055,0.0
ACCESS-CM2,uae,hist,2006,31.0916,42.7483
ACCESS-CM2,uae,hist,2007,3.3497,0.2431
ACCESS-CM2,uae,hist,2008,4.1363,0.0
ACCESS-CM2,uae,hist,2009,11.1167,2.2641
ACCESS-CM2,uae,hist,2010,20.1415,16.0736
ACCESS-CM2,uae,hist,2011,14.5398,5.4021
ACCESS-CM2,uae,hist,2012,29.8647,54.2924
ACCESS-CM2,uae,hist,2013,3.8789,0.5741
ACCESS-CM2,uae,hist,2014,14.0647,3.974
ACCESS-CM2,uae,fut,2076,23.0019,26.1466
ACCESS-CM2,uae,fut,2077,22.7271,22.7753
ACCESS-CM2,uae,fut,2078,30.343,31.8101
ACCESS-CM2,uae,fut,2079,13.8504,4.413
ACCESS-CM2,uae,fut,2080,27.4477,63.4313
ACCESS-CM2,uae,fut,2081,3.6393,0.0
ACCESS-CM2,uae,fut,2082,31.9373,100.4818
ACCESS-CM2,uae,fut,2083,4.983,0.1809
ACCESS-CM2,uae,fut,2084,26.4159,22.9892
ACCESS-CM2,uae,fut,2085,27.8085,33.7331
ACCESS-CM2,uae,fut,2086,4.8119,0.1743
ACCESS-CM2,uae,fut,2087,32.7377,52.7889
ACCESS-CM2,uae,fut,2088,7.1667,1.1459
ACCESS-CM2,uae,fut,2089,21.0451,19.0551
ACCESS-CM2,uae,fut,2090,20.218,19.6706
ACCESS-CM2,uae,fut,2091,28.7489,30.4251
ACCESS-CM2,uae,fut,2092,28.8084,39.0195
ACCESS-CM2,uae,fut,2093,2.6271,0.0
ACCESS-CM2,uae,fut,2094,33.8541,52.9582
ACCESS-CM2,uae,fut,2095,32.9798,68.5784
ACCESS-CM2,uae,fut,2096,16.8837,10.3519
ACCESS-CM2,uae,fut,2097,11.1262,3.7163
ACCESS-CM2,uae,fut,2098,30.2559,100.5089
ACCESS-CM2,uae,fut,2099,24.58,42.775
ACCESS-CM2,uae,fut,2100,27.0954,69.1717
ACCESS-CM2,east,hist,1990,24.5257,36.6908
ACCESS-CM2,east,hist,1991,17.5527,4.4864
ACCESS-CM2,east,hist,1992,9.6738,0.0
ACCESS-CM2,east,hist,1993,23.0644,17.7921
ACCESS-CM2,east,hist,1994,13.0812,0.0
ACCESS-CM2,east,hist,1995,10.2671,0.0
ACCESS-CM2,east,hist,1996,7.2872,0.0
ACCESS-CM2,east,hist,1997,5.9888,0.0
ACCESS-CM2,east,hist,1998,9.9414,0.0
ACCESS-CM2,east,hist,1999,9.8487,0.0
ACCESS-CM2,east,hist,2000,25.4034,27.9491
ACCESS-CM2,east,hist,2001,23.0147,22.5355
ACCESS-CM2,east,hist,2002,5.0494,0.0
ACCESS-CM2,east,hist,2003,27.2953,37.0144
ACCESS-CM2,east,hist,2004,23.1608,24.865
ACCESS-CM2,east,hist,2005,4.5666,0.0
ACCESS-CM2,east,hist,2006,50.0095,128.436
ACCESS-CM2,east,hist,2007,4.606,0.0
ACCESS-CM2,east,hist,2008,6.5067,0.0
ACCESS-CM2,east,hist,2009,27.5923,23.4329
ACCESS-CM2,east,hist,2010,25.1815,34.0975
ACCESS-CM2,east,hist,2011,18.3,3.8966
ACCESS-CM2,east,hist,2012,26.7998,73.13
ACCESS-CM2,east,hist,2013,10.5046,1.492
ACCESS-CM2,east,hist,2014,20.4273,14.396
ACCESS-CM2,east,fut,2076,22.0258,25.2995
ACCESS-CM2,east,fut,2077,21.6919,17.5381
ACCESS-CM2,east,fut,2078,32.3178,42.8472
ACCESS-CM2,east,fut,2079,26.4297,26.1162
ACCESS-CM2,east,fut,2080,35.5827,156.8696
ACCESS-CM2,east,fut,2081,4.3035,0.0
ACCESS-CM2,east,fut,2082,38.7393,272.545
ACCESS-CM2,east,fut,2083,14.3485,0.659
ACCESS-CM2,east,fut,2084,30.2445,30.2563
ACCESS-CM2,east,fut,2085,35.4871,68.8849
ACCESS-CM2,east,fut,2086,5.4657,0.0
ACCESS-CM2,east,fut,2087,34.5009,47.0594
ACCESS-CM2,east,fut,2088,9.6433,0.0
ACCESS-CM2,east,fut,2089,21.8994,20.2432
ACCESS-CM2,east,fut,2090,23.9147,38.3161
ACCESS-CM2,east,fut,2091,35.3784,43.6727
ACCESS-CM2,east,fut,2092,33.194,50.502
ACCESS-CM2,east,fut,2093,3.8199,0.0
ACCESS-CM2,east,fut,2094,39.878,94.1998
ACCESS-CM2,east,fut,2095,37.7035,152.0978
ACCESS-CM2,east,fut,2096,31.578,28.9465
ACCESS-CM2,east,fut,2097,13.5995,1.6152
ACCESS-CM2,east,fut,2098,42.4603,222.5355
ACCESS-CM2,east,fut,2099,38.3234,101.2837
ACCESS-CM2,east,fut,2100,36.4705,178.8402
ACCESS-ESM1-5,uae,hist,1990,6.1844,0.2716
ACCESS-ESM1-5,uae,hist,1991,13.638,6.0504
ACCESS-ESM1-5,uae,hist,1992,5.9364,0.0
ACCESS-ESM1-5,uae,hist,1993,6.174,0.0337
ACCESS-ESM1-5,uae,hist,1994,30.2157,32.9901
ACCESS-ESM1-5,uae,hist,1995,10.9437,3.8401
ACCESS-ESM1-5,uae,hist,1996,18.2568,13.0451
ACCESS-ESM1-5,uae,hist,1997,7.6549,1.2374
ACCESS-ESM1-5,uae,hist,1998,8.888,0.7147
ACCESS-ESM1-5,uae,hist,1999,8.9547,0.2891
ACCESS-ESM1-5,uae,hist,2000,32.6726,52.5168
ACCESS-ESM1-5,uae,hist,2001,4.1676,0.0
ACCESS-ESM1-5,uae,hist,2002,7.141,0.3643
ACCESS-ESM1-5,uae,hist,2003,8.4713,0.9813
ACCESS-ESM1-5,uae,hist,2004,9.8288,1.7595
ACCESS-ESM1-5,uae,hist,2005,17.0315,8.6028
ACCESS-ESM1-5,uae,hist,2006,35.2129,50.5334
ACCESS-ESM1-5,uae,hist,2007,25.1417,25.3593
ACCESS-ESM1-5,uae,hist,2008,17.9428,13.6821
ACCESS-ESM1-5,uae,hist,2009,13.9016,5.0868
ACCESS-ESM1-5,uae,hist,2010,6.1026,0.0
ACCESS-ESM1-5,uae,hist,2011,16.8282,10.805
ACCESS-ESM1-5,uae,hist,2012,10.3078,3.0829
ACCESS-ESM1-5,uae,hist,2013,20.2202,13.5942
ACCESS-ESM1-5,uae,hist,2014,6.8542,0.0887
ACCESS-ESM1-5,uae,fut,2076,4.0858,0.0314
ACCESS-ESM1-5,uae,fut,2077,27.1273,44.8636
ACCESS-ESM1-5,uae,fut,2078,28.8305,58.5063
ACCESS-ESM1-5,uae,fut,2079,13.199,7.6071
ACCESS-ESM1-5,uae,fut,2080,10.4178,3.7853
ACCESS-ESM1-5,uae,fut,2081,19.1444,13.2034
ACCESS-ESM1-5,uae,fut,2082,17.8404,15.0194
ACCESS-ESM1-5,uae,fut,2083,11.672,2.5908
ACCESS-ESM1-5,uae,fut,2084,9.1044,0.6643
ACCESS-ESM1-5,uae,fut,2085,24.6629,23.0264
ACCESS-ESM1-5,uae,fut,2086,34.7323,52.9597
ACCESS-ESM1-5,uae,fut,2087,43.7381,82.4675
ACCESS-ESM1-5,uae,fut,2088,13.7293,5.9099
ACCESS-ESM1-5,uae,fut,2089,14.7797,8.5755
ACCESS-ESM1-5,uae,fut,2090,25.315,25.0701
ACCESS-ESM1-5,uae,fut,2091,32.4668,73.3438
ACCESS-ESM1-5,uae,fut,2092,11.9577,4.3537
ACCESS-ESM1-5,uae,fut,2093,28.5711,51.7956
ACCESS-ESM1-5,uae,fut,2094,21.7545,16.2474
ACCESS-ESM1-5,uae,fut,2095,37.5158,106.9692
ACCESS-ESM1-5,uae,fut,2096,6.992,0.0
ACCESS-ESM1-5,uae,fut,2097,30.9191,64.9928
ACCESS-ESM1-5,uae,fut,2098,25.1757,43.0191
ACCESS-ESM1-5,uae,fut,2099,30.923,76.4557
ACCESS-ESM1-5,uae,fut,2100,20.076,12.372
ACCESS-ESM1-5,east,hist,1990,15.6672,0.0
ACCESS-ESM1-5,east,hist,1991,19.3102,9.6196
ACCESS-ESM1-5,east,hist,1992,4.0668,0.0
ACCESS-ESM1-5,east,hist,1993,8.9465,0.0
ACCESS-ESM1-5,east,hist,1994,38.7829,101.3326
ACCESS-ESM1-5,east,hist,1995,11.0072,0.0
ACCESS-ESM1-5,east,hist,1996,22.8249,18.9486
ACCESS-ESM1-5,east,hist,1997,20.5489,12.39
ACCESS-ESM1-5,east,hist,1998,16.6058,0.0
ACCESS-ESM1-5,east,hist,1999,14.0771,0.0
ACCESS-ESM1-5,east,hist,2000,49.7214,108.7381
ACCESS-ESM1-5,east,hist,2001,10.9135,0.0
ACCESS-ESM1-5,east,hist,2002,13.3015,0.0
ACCESS-ESM1-5,east,hist,2003,11.6251,1.7927
ACCESS-ESM1-5,east,hist,2004,17.4825,2.5476
ACCESS-ESM1-5,east,hist,2005,23.6966,18.7693
ACCESS-ESM1-5,east,hist,2006,58.5284,149.7042
ACCESS-ESM1-5,east,hist,2007,33.9439,40.3579
ACCESS-ESM1-5,east,hist,2008,35.6572,49.0508
ACCESS-ESM1-5,east,hist,2009,24.1396,15.6816
ACCESS-ESM1-5,east,hist,2010,11.2289,0.0
ACCESS-ESM1-5,east,hist,2011,31.8235,53.2014
ACCESS-ESM1-5,east,hist,2012,23.259,20.5382
ACCESS-ESM1-5,east,hist,2013,23.9649,16.1447
ACCESS-ESM1-5,east,hist,2014,9.5896,0.0
ACCESS-ESM1-5,east,fut,2076,5.6579,0.0
ACCESS-ESM1-5,east,fut,2077,42.6736,78.0238
ACCESS-ESM1-5,east,fut,2078,38.7601,134.8624
ACCESS-ESM1-5,east,fut,2079,20.2204,8.2752
ACCESS-ESM1-5,east,fut,2080,18.2599,13.8445
ACCESS-ESM1-5,east,fut,2081,36.4455,62.4092
ACCESS-ESM1-5,east,fut,2082,13.681,0.8601
ACCESS-ESM1-5,east,fut,2083,18.9563,10.5489
ACCESS-ESM1-5,east,fut,2084,14.4086,2.7423
ACCESS-ESM1-5,east,fut,2085,28.911,47.3169
ACCESS-ESM1-5,east,fut,2086,37.168,98.6414
ACCESS-ESM1-5,east,fut,2087,38.484,82.9945
ACCESS-ESM1-5,east,fut,2088,19.6413,17.2584
ACCESS-ESM1-5,east,fut,2089,30.2678,46.4488
ACCESS-ESM1-5,east,fut,2090,32.4171,27.947
ACCESS-ESM1-5,east,fut,2091,42.1292,157.9104
ACCESS-ESM1-5,east,fut,2092,23.308,16.3622
ACCESS-ESM1-5,east,fut,2093,44.7744,116.9381
ACCESS-ESM1-5,east,fut,2094,24.1338,18.3753
ACCESS-ESM1-5,east,fut,2095,38.2547,163.686
ACCESS-ESM1-5,east,fut,2096,14.942,0.0
ACCESS-ESM1-5,east,fut,2097,37.469,101.113
ACCESS-ESM1-5,east,fut,2098,31.758,72.0715
ACCESS-ESM1-5,east,fut,2099,26.4135,60.2237
ACCESS-ESM1-5,east,fut,2100,42.8704,37.8596
BCC-CSM2-MR,uae,hist,1990,12.1254,3.4493
BCC-CSM2-MR,uae,hist,1991,14.7902,4.0488
BCC-CSM2-MR,uae,hist,1992,10.0041,1.2005
BCC-CSM2-MR,uae,hist,1993,11.8884,2.2823
BCC-CSM2-MR,uae,hist,1994,18.9541,9.4178
BCC-CSM2-MR,uae,hist,1995,19.5199,8.9998
BCC-CSM2-MR,uae,hist,1996,25.786,18.5755
BCC-CSM2-MR,uae,hist,1997,7.7294,0.1814
BCC-CSM2-MR,uae,hist,1998,21.9196,11.2479
BCC-CSM2-MR,uae,hist,1999,1.3567,0.0
BCC-CSM2-MR,uae,hist,2000,14.0319,0.9545
BCC-CSM2-MR,uae,hist,2001,23.6044,12.7964
BCC-CSM2-MR,uae,hist,2002,7.3336,1.5405
BCC-CSM2-MR,uae,hist,2003,5.5462,0.3101
BCC-CSM2-MR,uae,hist,2004,15.2989,5.7957
BCC-CSM2-MR,uae,hist,2005,29.8126,29.0537
BCC-CSM2-MR,uae,hist,2006,27.9702,23.6733
BCC-CSM2-MR,uae,hist,2007,34.8544,32.9969
BCC-CSM2-MR,uae,hist,2008,17.1031,2.5785
BCC-CSM2-MR,uae,hist,2009,17.7086,8.2041
BCC-CSM2-MR,uae,hist,2010,15.764,4.9871
BCC-CSM2-MR,uae,hist,2011,22.2855,14.926
BCC-CSM2-MR,uae,hist,2012,26.5312,27.546
BCC-CSM2-MR,uae,hist,2013,8.3365,1.1196
BCC-CSM2-MR,uae,hist,2014,11.7357,4.4965
BCC-CSM2-MR,uae,fut,2076,7.7915,0.5857
BCC-CSM2-MR,uae,fut,2077,10.7781,0.2469
BCC-CSM2-MR,uae,fut,2078,6.4094,0.8305
BCC-CSM2-MR,uae,fut,2079,18.6478,9.7625
BCC-CSM2-MR,uae,fut,2080,1.8013,0.1261
BCC-CSM2-MR,uae,fut,2081,14.6898,1.769
BCC-CSM2-MR,uae,fut,2082,17.2709,4.5546
BCC-CSM2-MR,uae,fut,2083,16.9306,4.2845
BCC-CSM2-MR,uae,fut,2084,4.4206,0.6409
BCC-CSM2-MR,uae,fut,2085,24.218,13.3852
BCC-CSM2-MR,uae,fut,2086,14.9574,6.8178
BCC-CSM2-MR,uae,fut,2087,17.8017,5.0921
BCC-CSM2-MR,uae,fut,2088,8.6931,0.3676
BCC-CSM2-MR,uae,fut,2089,37.3855,55.7616
BCC-CSM2-MR,uae,fut,2090,15.6976,4.4669
BCC-CSM2-MR,uae,fut,2091,1.3997,0.0
BCC-CSM2-MR,uae,fut,2092,2.2623,0.0
BCC-CSM2-MR,uae,fut,2093,13.6272,4.2286
BCC-CSM2-MR,uae,fut,2094,17.8894,7.4431
BCC-CSM2-MR,uae,fut,2095,19.5999,6.7476
BCC-CSM2-MR,uae,fut,2096,6.4736,0.0
BCC-CSM2-MR,uae,fut,2097,5.8788,0.2741
BCC-CSM2-MR,uae,fut,2098,15.9013,4.6482
BCC-CSM2-MR,uae,fut,2099,10.416,0.7765
BCC-CSM2-MR,uae,fut,2100,18.5688,9.7566
BCC-CSM2-MR,east,hist,1990,20.1997,8.2036
BCC-CSM2-MR,east,hist,1991,29.8699,20.0231
BCC-CSM2-MR,east,hist,1992,15.5016,0.0
BCC-CSM2-MR,east,hist,1993,19.9133,5.8934
BCC-CSM2-MR,east,hist,1994,16.7362,0.0
BCC-CSM2-MR,east,hist,1995,32.6049,23.5313
BCC-CSM2-MR,east,hist,1996,41.5937,63.1739
BCC-CSM2-MR,east,hist,1997,10.0379,0.0
BCC-CSM2-MR,east,hist,1998,25.7571,17.3801
BCC-CSM2-MR,east,hist,1999,0.892,0.0
BCC-CSM2-MR,east,hist,2000,23.3258,3.5807
BCC-CSM2-MR,east,hist,2001,33.69,30.8825
BCC-CSM2-MR,east,hist,2002,10.1082,1.9737
BCC-CSM2-MR,east,hist,2003,8.2628,0.0
BCC-CSM2-MR,east,hist,2004,9.2552,0.0
BCC-CSM2-MR,east,hist,2005,39.8018,101.1554
BCC-CSM2-MR,east,hist,2006,40.3869,47.1939
BCC-CSM2-MR,east,hist,2007,41.0547,49.8964
BCC-CSM2-MR,east,hist,2008,19.4945,0.0
BCC-CSM2-MR,east,hist,2009,21.9369,0.0
BCC-CSM2-MR,east,hist,2010,30.1537,20.7856
BCC-CSM2-MR,east,hist,2011,9.6616,0.0
BCC-CSM2-MR,east,hist,2012,38.9771,114.8563
BCC-CSM2-MR,east,hist,2013,9.8244,0.0
BCC-CSM2-MR,east,hist,2014,18.7412,1.8876
BCC-CSM2-MR,east,fut,2076,8.5117,0.0
BCC-CSM2-MR,east,fut,2077,23.4288,4.373
BCC-CSM2-MR,east,fut,2078,13.6222,4.0362
BCC-CSM2-MR,east,fut,2079,36.4556,41.954
BCC-CSM2-MR,east,fut,2080,1.4223,0.0
BCC-CSM2-MR,east,fut,2081,19.0039,0.0
BCC-CSM2-MR,east,fut,2082,20.7845,3.9917
BCC-CSM2-MR,east,fut,2083,24.1479,7.015
BCC-CSM2-MR,east,fut,2084,4.9636,0.0
BCC-CSM2-MR,east,fut,2085,22.8805,1.1935
BCC-CSM2-MR,east,fut,2086,22.0962,9.821
BCC-CSM2-MR,east,fut,2087,24.6216,9.1588
BCC-CSM2-MR,east,fut,2088,14.1031,0.0
BCC-CSM2-MR,east,fut,2089,63.9454,101.7382
BCC-CSM2-MR,east,fut,2090,42.5296,38.1467
BCC-CSM2-MR,east,fut,2091,2.1718,0.0
BCC-CSM2-MR,east,fut,2092,3.5445,0.0
BCC-CSM2-MR,east,fut,2093,18.0546,5.0942
BCC-CSM2-MR,east,fut,2094,20.6787,2.6026
BCC-CSM2-MR,east,fut,2095,25.1983,9.1797
BCC-CSM2-MR,east,fut,2096,9.8613,0.0
BCC-CSM2-MR,east,fut,2097,4.2756,0.0
BCC-CSM2-MR,east,fut,2098,17.7496,1.2682
BCC-CSM2-MR,east,fut,2099,13.267,0.0
BCC-CSM2-MR,east,fut,2100,28.9735,25.32
CESM2,uae,hist,1990,6.5256,0.0926
CESM2,uae,hist,1991,7.166,0.5699
CESM2,uae,hist,1992,7.538,0.5011
CESM2,uae,hist,1993,14.6121,0.8166
CESM2,uae,hist,1994,7.0505,0.0
CESM2,uae,hist,1995,27.3267,25.7595
CESM2,uae,hist,1996,2.5854,0.0
CESM2,uae,hist,1997,32.77,46.0654
CESM2,uae,hist,1998,21.7026,14.2041
CESM2,uae,hist,1999,1.2124,0.0
CESM2,uae,hist,2000,11.2899,1.1931
CESM2,uae,hist,2001,31.7319,19.2754
CESM2,uae,hist,2002,36.9472,79.6962
CESM2,uae,hist,2003,10.1738,0.0583
CESM2,uae,hist,2004,12.6441,1.6252
CESM2,uae,hist,2005,10.2553,1.43
CESM2,uae,hist,2006,24.919,28.5597
CESM2,uae,hist,2007,2.1321,0.0
CESM2,uae,hist,2008,7.2243,0.0
CESM2,uae,hist,2009,13.9199,4.2068
CESM2,uae,hist,2010,12.9073,0.9555
CESM2,uae,hist,2011,12.4644,0.4917
CESM2,uae,hist,2012,17.2893,8.9925
CESM2,uae,hist,2013,9.051,1.5017
CESM2,uae,hist,2014,3.054,0.0
CESM2,uae,fut,2076,21.7473,14.9682
CESM2,uae,fut,2077,23.4081,19.3534
CESM2,uae,fut,2078,10.7128,1.3277
CESM2,uae,fut,2079,24.3502,16.6181
CESM2,uae,fut,2080,13.9577,1.9673
CESM2,uae,fut,2081,34.2281,72.1105
CESM2,uae,fut,2082,18.5862,14.8405
CESM2,uae,fut,2083,7.2703,0.1292
CESM2,uae,fut,2084,17.1778,8.4757
CESM2,uae,fut,2085,13.7613,7.5363
CESM2,uae,fut,2086,44.1993,46.2759
CESM2,uae,fut,2087,9.6536,1.7398
CESM2,uae,fut,2088,24.7177,16.7583
CESM2,uae,fut,2089,24.5866,22.8671
CESM2,uae,fut,2090,23.8728,25.1815
CESM2,uae,fut,2091,19.4058,13.4707
CESM2,uae,fut,2092,11.2917,4.1228
CESM2,uae,fut,2093,22.9458,15.8397
CESM2,uae,fut,2094,29.0618,46.2519
CESM2,uae,fut,2095,37.8235,60.9774
CESM2,uae,fut,2096,28.0636,26.795
CESM2,uae,fut,2097,32.2784,45.6376
CESM2,uae,fut,2098,20.0904,21.3731
CESM2,uae,fut,2099,19.3097,11.2361
CESM2,uae,fut,2100,28.8985,32.443
CESM2,east,hist,1990,16.0921,1.64
CESM2,east,hist,1991,13.4286,0.0
CESM2,east,hist,1992,9.1337,0.0
CESM2,east,hist,1993,21.289,0.0
CESM2,east,hist,1994,7.8949,0.0
CESM2,east,hist,1995,35.9944,64.8617
CESM2,east,hist,1996,5.073,0.0
CESM2,east,hist,1997,52.1051,124.9524
CESM2,east,hist,1998,30.3531,53.6088
CESM2,east,hist,1999,0.541,0.0
CESM2,east,hist,2000,9.0013,0.0
CESM2,east,hist,2001,27.9005,18.1436
CESM2,east,hist,2002,48.8126,185.0946
CESM2,east,hist,2003,16.8991,1.0321
CESM2,east,hist,2004,18.182,0.0
CESM2,east,hist,2005,17.693,1.2164
CESM2,east,hist,2006,26.1515,26.9429
CESM2,east,hist,2007,4.6079,0.0
CESM2,east,hist,2008,13.2347,0.0
CESM2,east,hist,2009,17.9051,0.0
CESM2,east,hist,2010,22.2567,5.5853
CESM2,east,hist,2011,15.3177,0.0
CESM2,east,hist,2012,33.7882,43.869
CESM2,east,hist,2013,25.3211,15.7129
CESM2,east,hist,2014,4.8161,0.0
CESM2,east,fut,2076,39.1271,59.3731
CESM2,east,fut,2077,47.0217,42.3801
CESM2,east,fut,2078,16.7794,1.9326
CESM2,east,fut,2079,37.8855,28.2208
CESM2,east,fut,2080,14.7999,0.0
CESM2,east,fut,2081,40.9345,154.4445
CESM2,east,fut,2082,29.0591,41.1792
CESM2,east,fut,2083,15.768,2.2884
CESM2,east,fut,2084,19.5905,2.5709
CESM2,east,fut,2085,28.0261,16.5965
CESM2,east,fut,2086,47.1631,78.1612
CESM2,east,fut,2087,31.4407,21.9722
CESM2,east,fut,2088,48.0216,67.6331
CESM2,east,fut,2089,26.3247,19.4351
CESM2,east,fut,2090,30.5757,54.3937
CESM2,east,fut,2091,32.8277,50.9845
CESM2,east,fut,2092,12.7931,4.3484
CESM2,east,fut,2093,17.332,0.0
CESM2,east,fut,2094,39.1711,152.1144
CESM2,east,fut,2095,30.8125,58.739
CESM2,east,fut,2096,31.252,33.5728
CESM2,east,fut,2097,48.8547,113.628
CESM2,east,fut,2098,24.753,14.662
CESM2,east,fut,2099,25.6538,17.8035
CESM2,east,fut,2100,26.6973,14.9803
CESM2-WACCM,uae,hist,1990,12.2488,0.1722
CESM2-WACCM,uae,hist,1991,21.6874,9.8976
CESM2-WACCM,uae,hist,1992,36.0786,26.4451
CESM2-WACCM,uae,hist,1993,7.9398,0.1833
CESM2-WACCM,uae,hist,1994,4.5866,0.2586
CESM2-WACCM,uae,hist,1995,1.258,0.1381
CESM2-WACCM,uae,hist,1996,22.0548,19.8761
CESM2-WACCM,uae,hist,1997,18.5194,5.1258
CESM2-WACCM,uae,hist,1998,8.3413,0.0
CESM2-WACCM,uae,hist,1999,31.559,48.5499
CESM2-WACCM,uae,hist,2000,2.4895,0.0
CESM2-WACCM,uae,hist,2001,26.8407,19.4571
CESM2-WACCM,uae,hist,2002,26.9316,17.8518
CESM2-WACCM,uae,hist,2003,7.1744,0.556
CESM2-WACCM,uae,hist,2004,12.7752,0.4648
CESM2-WACCM,uae,hist,2005,26.0378,15.5993
CESM2-WACCM,uae,hist,2006,10.7491,1.198
CESM2-WACCM,uae,hist,2007,14.8869,1.2816
CESM2-WACCM,uae,hist,2008,3.5732,0.0
CESM2-WACCM,uae,hist,2009,23.0285,12.3996
CESM2-WACCM,uae,hist,2010,5.1529,0.0727
CESM2-WACCM,uae,hist,2011,31.8961,30.8235
CESM2-WACCM,uae,hist,2012,28.0178,28.5559
CESM2-WACCM,uae,hist,2013,27.1608,26.6827
CESM2-WACCM,uae,hist,2014,6.86,0.04
CESM2-WACCM,uae,fut,2076,9.044,0.9115
CESM2-WACCM,uae,fut,2077,24.0957,17.0854
CESM2-WACCM,uae,fut,2078,25.1046,22.9281
CESM2-WACCM,uae,fut,2079,21.776,9.6367
CESM2-WACCM,uae,fut,2080,18.5441,5.9557
CESM2-WACCM,uae,fut,2081,32.478,37.0912
CESM2-WACCM,uae,fut,2082,12.7788,2.1761
CESM2-WACCM,uae,fut,2083,2.6876,0.0
CESM2-WACCM,uae,fut,2084,23.7772,19.0986
CESM2-WACCM,uae,fut,2085,20.7151,8.1101
CESM2-WACCM,uae,fut,2086,9.6167,0.8753
CESM2-WACCM,uae,fut,2087,30.8173,33.0451
CESM2-WACCM,uae,fut,2088,9.1744,0.1632
CESM2-WACCM,uae,fut,2089,23.4353,13.1621
CESM2-WACCM,uae,fut,2090,10.6776,6.4418
CESM2-WACCM,uae,fut,2091,20.844,15.9414
CESM2-WACCM,uae,fut,2092,18.7681,5.7816
CESM2-WACCM,uae,fut,2093,12.7772,1.776
CESM2-WACCM,uae,fut,2094,28.0283,24.6769
CESM2-WACCM,uae,fut,2095,21.0943,12.853
CESM2-WACCM,uae,fut,2096,10.6903,2.7432
CESM2-WACCM,uae,fut,2097,18.4346,8.6328
CESM2-WACCM,uae,fut,2098,15.212,5.5605
CESM2-WACCM,uae,fut,2099,20.4616,6.8798
CESM2-WACCM,uae,fut,2100,35.4239,50.782
CESM2-WACCM,east,hist,1990,15.8915,0.0
CESM2-WACCM,east,hist,1991,29.5508,23.0113
CESM2-WACCM,east,hist,1992,40.5775,32.227
CESM2-WACCM,east,hist,1993,14.2683,0.0
CESM2-WACCM,east,hist,1994,6.0369,0.0
CESM2-WACCM,east,hist,1995,0.8757,0.0
CESM2-WACCM,east,hist,1996,35.9102,53.454
CESM2-WACCM,east,hist,1997,46.5706,43.7404
CESM2-WACCM,east,hist,1998,11.508,0.0
CESM2-WACCM,east,hist,1999,41.185,74.9735
CESM2-WACCM,east,hist,2000,3.8301,0.0
CESM2-WACCM,east,hist,2001,38.3832,51.6483
CESM2-WACCM,east,hist,2002,28.2656,12.2773
CESM2-WACCM,east,hist,2003,11.5428,0.0
CESM2-WACCM,east,hist,2004,5.7122,0.0
CESM2-WACCM,east,hist,2005,40.8229,35.0274
CESM2-WACCM,east,hist,2006,16.2132,0.0
CESM2-WACCM,east,hist,2007,25.1215,1.9219
CESM2-WACCM,east,hist,2008,6.9551,0.0
CESM2-WACCM,east,hist,2009,35.382,27.3251
CESM2-WACCM,east,hist,2010,12.723,0.0
CESM2-WACCM,east,hist,2011,41.0737,68.5371
CESM2-WACCM,east,hist,2012,35.3941,58.765
CESM2-WACCM,east,hist,2013,60.8271,144.1037
CESM2-WACCM,east,hist,2014,15.2139,0.0
CESM2-WACCM,east,fut,2076,19.8776,8.2542
CESM2-WACCM,east,fut,2077,50.0573,67.9438
CESM2-WACCM,east,fut,2078,38.8055,59.4888
CESM2-WACCM,east,fut,2079,21.4079,5.1412
CESM2-WACCM,east,fut,2080,40.4755,37.1025
CESM2-WACCM,east,fut,2081,40.6988,43.6991
CESM2-WACCM,east,fut,2082,29.7066,17.2327
CESM2-WACCM,east,fut,2083,2.1673,0.0
CESM2-WACCM,east,fut,2084,23.8085,1.3863
CESM2-WACCM,east,fut,2085,23.5398,0.0
CESM2-WACCM,east,fut,2086,12.0132,0.0
CESM2-WACCM,east,fut,2087,40.7946,60.8672
CESM2-WACCM,east,fut,2088,11.1086,0.0
CESM2-WACCM,east,fut,2089,31.4422,20.6069
CESM2-WACCM,east,fut,2090,19.8997,2.6015
CESM2-WACCM,east,fut,2091,20.5728,5.6891
CESM2-WACCM,east,fut,2092,28.0188,11.5556
CESM2-WACCM,east,fut,2093,31.4606,22.2866
CESM2-WACCM,east,fut,2094,27.9635,19.8141
CESM2-WACCM,east,fut,2095,30.8994,35.3332
CESM2-WACCM,east,fut,2096,20.0031,8.6937
CESM2-WACCM,east,fut,2097,11.652,0.0
CESM2-WACCM,east,fut,2098,11.0571,0.0
CESM2-WACCM,east,fut,2099,18.9876,1.2329
CESM2-WACCM,east,fut,2100,40.0261,86.1408
CMCC-CM2-SR5,uae,hist,1990,9.7187,0.0549
CMCC-CM2-SR5,uae,hist,1991,28.2882,27.0098
CMCC-CM2-SR5,uae,hist,1992,22.8174,13.275
CMCC-CM2-SR5,uae,hist,1993,14.8739,5.6429
CMCC-CM2-SR5,uae,hist,1994,8.7157,1.6219
CMCC-CM2-SR5,uae,hist,1995,8.8825,1.7827
CMCC-CM2-SR5,uae,hist,1996,4.0449,0.0
CMCC-CM2-SR5,uae,hist,1997,10.3697,3.7435
CMCC-CM2-SR5,uae,hist,1998,9.4742,1.4266
CMCC-CM2-SR5,uae,hist,1999,4.137,0.0349
CMCC-CM2-SR5,uae,hist,2000,1.73,0.0
CMCC-CM2-SR5,uae,hist,2001,10.0399,1.2685
CMCC-CM2-SR5,uae,hist,2002,23.5273,12.4133
CMCC-CM2-SR5,uae,hist,2003,34.0134,53.2833
CMCC-CM2-SR5,uae,hist,2004,2.5965,0.0
CMCC-CM2-SR5,uae,hist,2005,8.7885,0.4978
CMCC-CM2-SR5,uae,hist,2006,14.9389,5.1279
CMCC-CM2-SR5,uae,hist,2007,4.377,0.0994
CMCC-CM2-SR5,uae,hist,2008,15.7295,4.8517
CMCC-CM2-SR5,uae,hist,2009,1.3302,0.0
CMCC-CM2-SR5,uae,hist,2010,14.5861,4.6906
CMCC-CM2-SR5,uae,hist,2011,3.6415,0.4305
CMCC-CM2-SR5,uae,hist,2012,31.0346,36.5064
CMCC-CM2-SR5,uae,hist,2013,43.3693,50.6505
CMCC-CM2-SR5,uae,hist,2014,9.0367,0.478
CMCC-CM2-SR5,uae,fut,2076,2.5953,0.0
CMCC-CM2-SR5,uae,fut,2077,17.3323,14.8791
CMCC-CM2-SR5,uae,fut,2078,13.5886,4.2151
CMCC-CM2-SR5,uae,fut,2079,34.9115,99.7638
CMCC-CM2-SR5,uae,fut,2080,7.4193,0.725
CMCC-CM2-SR5,uae,fut,2081,21.5961,26.4535
CMCC-CM2-SR5,uae,fut,2082,18.6747,13.4985
CMCC-CM2-SR5,uae,fut,2083,12.5439,3.423
CMCC-CM2-SR5,uae,fut,2084,42.4663,81.3112
CMCC-CM2-SR5,uae,fut,2085,23.6035,38.7036
CMCC-CM2-SR5,uae,fut,2086,6.2556,0.3314
CMCC-CM2-SR5,uae,fut,2087,9.478,0.7513
CMCC-CM2-SR5,uae,fut,2088,21.3412,10.9698
CMCC-CM2-SR5,uae,fut,2089,18.8967,33.5946
CMCC-CM2-SR5,uae,fut,2090,21.7868,18.7715
CMCC-CM2-SR5,uae,fut,2091,18.711,6.5241
CMCC-CM2-SR5,uae,fut,2092,12.8365,3.3614
CMCC-CM2-SR5,uae,fut,2093,50.4533,187.4102
CMCC-CM2-SR5,uae,fut,2094,9.136,1.6162
CMCC-CM2-SR5,uae,fut,2095,6.5039,0.8628
CMCC-CM2-SR5,uae,fut,2096,4.1327,0.0
CMCC-CM2-SR5,uae,fut,2097,34.6623,60.5849
CMCC-CM2-SR5,uae,fut,2098,11.7258,2.6494
CMCC-CM2-SR5,uae,fut,2099,26.0369,47.7813
CMCC-CM2-SR5,uae,fut,2100,25.9224,33.0183
CMCC-CM2-SR5,east,hist,1990,11.4452,0.0
CMCC-CM2-SR5,east,hist,1991,48.8202,113.2577
CMCC-CM2-SR5,east,hist,1992,28.2158,20.4948
CMCC-CM2-SR5,east,hist,1993,33.8084,36.103
CMCC-CM2-SR5,east,hist,1994,21.4023,13.899
CMCC-CM2-SR5,east,hist,1995,16.7896,1.7906
CMCC-CM2-SR5,east,hist,1996,4.8961,0.0
CMCC-CM2-SR5,east,hist,1997,17.535,0.0
CMCC-CM2-SR5,east,hist,1998,20.709,11.7624
CMCC-CM2-SR5,east,hist,1999,11.6422,0.0
CMCC-CM2-SR5,east,hist,2000,4.3802,0.0
CMCC-CM2-SR5,east,hist,2001,18.6429,0.0
CMCC-CM2-SR5,east,hist,2002,21.8134,4.7179
CMCC-CM2-SR5,east,hist,2003,51.5789,135.5821
CMCC-CM2-SR5,east,hist,2004,9.2531,0.0
CMCC-CM2-SR5,east,hist,2005,20.4539,1.6486
CMCC-CM2-SR5,east,hist,2006,24.8602,10.5748
CMCC-CM2-SR5,east,hist,2007,12.9144,0.0
CMCC-CM2-SR5,east,hist,2008,26.0423,13.3353
CMCC-CM2-SR5,east,hist,2009,1.2354,0.0
CMCC-CM2-SR5,east,hist,2010,38.1773,34.9959
CMCC-CM2-SR5,east,hist,2011,2.137,0.0
CMCC-CM2-SR5,east,hist,2012,34.1337,58.4564
CMCC-CM2-SR5,east,hist,2013,63.2667,90.3713
CMCC-CM2-SR5,east,hist,2014,20.6944,4.3684
CMCC-CM2-SR5,east,fut,2076,3.6335,0.0
CMCC-CM2-SR5,east,fut,2077,39.9807,77.6443
CMCC-CM2-SR5,east,fut,2078,3.5367,0.0
CMCC-CM2-SR5,east,fut,2079,55.1421,229.2535
CMCC-CM2-SR5,east,fut,2080,11.1508,3.5848
CMCC-CM2-SR5,east,fut,2081,29.6089,54.4836
CMCC-CM2-SR5,east,fut,2082,23.0137,7.5456
CMCC-CM2-SR5,east,fut,2083,21.8939,4.3429
CMCC-CM2-SR5,east,fut,2084,56.4691,170.7145
CMCC-CM2-SR5,east,fut,2085,40.4155,79.3677
CMCC-CM2-SR5,east,fut,2086,9.4362,0.0
CMCC-CM2-SR5,east,fut,2087,13.2495,0.9439
CMCC-CM2-SR5,east,fut,2088,42.1359,40.2995
CMCC-CM2-SR5,east,fut,2089,34.8494,95.124
CMCC-CM2-SR5,east,fut,2090,18.4132,1.9751
CMCC-CM2-SR5,east,fut,2091,29.8757,21.365
CMCC-CM2-SR5,east,fut,2092,24.7853,14.9382
CMCC-CM2-SR5,east,fut,2093,55.2808,313.0833
CMCC-CM2-SR5,east,fut,2094,11.8976,1.9771
CMCC-CM2-SR5,east,fut,2095,5.7554,0.0
CMCC-CM2-SR5,east,fut,2096,3.7849,0.0
CMCC-CM2-SR5,east,fut,2097,47.6844,85.6835
CMCC-CM2-SR5,east,fut,2098,22.3144,12.5558
CMCC-CM2-SR5,east,fut,2099,43.1865,94.1909
CMCC-CM2-SR5,east,fut,2100,34.119,90.7027
CMCC-ESM2,uae,hist,1990,21.1811,13.6859
CMCC-ESM2,uae,hist,1991,4.7483,0.4169
CMCC-ESM2,uae,hist,1992,29.8911,33.9167
CMCC-ESM2,uae,hist,1993,14.9356,7.3588
CMCC-ESM2,uae,hist,1994,22.4111,24.0292
CMCC-ESM2,uae,hist,1995,3.8787,0.0
CMCC-ESM2,uae,hist,1996,9.1143,4.0355
CMCC-ESM2,uae,hist,1997,8.6121,1.7278
CMCC-ESM2,uae,hist,1998,3.6375,0.0
CMCC-ESM2,uae,hist,1999,6.1019,0.2514
CMCC-ESM2,uae,hist,2000,4.7099,0.0754
CMCC-ESM2,uae,hist,2001,14.1639,6.8963
CMCC-ESM2,uae,hist,2002,29.2538,34.5678
CMCC-ESM2,uae,hist,2003,10.0335,5.0547
CMCC-ESM2,uae,hist,2004,20.0658,15.3263
CMCC-ESM2,uae,hist,2005,4.6476,0.2104
CMCC-ESM2,uae,hist,2006,8.1957,1.2618
CMCC-ESM2,uae,hist,2007,7.423,0.9118
CMCC-ESM2,uae,hist,2008,17.3474,9.1468
CMCC-ESM2,uae,hist,2009,4.8065,0.0501
CMCC-ESM2,uae,hist,2010,21.0974,25.0262
CMCC-ESM2,uae,hist,2011,8.1852,1.8413
CMCC-ESM2,uae,hist,2012,21.0589,18.929
CMCC-ESM2,uae,hist,2013,5.5819,0.1574
CMCC-ESM2,uae,hist,2014,5.9354,1.6223
CMCC-ESM2,uae,fut,2076,15.4205,9.987
CMCC-ESM2,uae,fut,2077,6.9716,0.3864
CMCC-ESM2,uae,fut,2078,5.9197,1.0922
CMCC-ESM2,uae,fut,2079,7.9125,0.0685
CMCC-ESM2,uae,fut,2080,31.9014,69.2229
CMCC-ESM2,uae,fut,2081,8.5797,1.936
CMCC-ESM2,uae,fut,2082,3.5121,0.0
CMCC-ESM2,uae,fut,2083,5.593,0.0
CMCC-ESM2,uae,fut,2084,24.6463,42.3377
CMCC-ESM2,uae,fut,2085,2.9195,0.0
CMCC-ESM2,uae,fut,2086,29.5719,61.907
CMCC-ESM2,uae,fut,2087,27.1397,55.6154
CMCC-ESM2,uae,fut,2088,12.0042,4.3499
CMCC-ESM2,uae,fut,2089,13.5929,7.9428
CMCC-ESM2,uae,fut,2090,21.7307,16.7708
CMCC-ESM2,uae,fut,2091,35.7084,62.5625
CMCC-ESM2,uae,fut,2092,30.7884,41.8384
CMCC-ESM2,uae,fut,2093,8.8526,3.049
CMCC-ESM2,uae,fut,2094,14.2193,23.4667
CMCC-ESM2,uae,fut,2095,5.6268,0.0
CMCC-ESM2,uae,fut,2096,34.9869,142.0393
CMCC-ESM2,uae,fut,2097,15.2797,6.1272
CMCC-ESM2,uae,fut,2098,12.2269,4.5586
CMCC-ESM2,uae,fut,2099,13.1227,2.5345
CMCC-ESM2,uae,fut,2100,24.253,45.6523
CMCC-ESM2,east,hist,1990,27.5221,27.5904
CMCC-ESM2,east,hist,1991,5.3217,0.0
CMCC-ESM2,east,hist,1992,40.356,46.6751
CMCC-ESM2,east,hist,1993,23.3576,20.6858
CMCC-ESM2,east,hist,1994,33.0459,55.2068
CMCC-ESM2,east,hist,1995,12.5945,0.0
CMCC-ESM2,east,hist,1996,2.4063,0.0
CMCC-ESM2,east,hist,1997,7.3119,0.0
CMCC-ESM2,east,hist,1998,11.128,0.0
CMCC-ESM2,east,hist,1999,7.6803,0.0
CMCC-ESM2,east,hist,2000,6.5911,0.0
CMCC-ESM2,east,hist,2001,23.1884,13.0661
CMCC-ESM2,east,hist,2002,53.0888,101.6201
CMCC-ESM2,east,hist,2003,12.0816,1.9147
CMCC-ESM2,east,hist,2004,38.2992,47.6671
CMCC-ESM2,east,hist,2005,5.2564,0.0
CMCC-ESM2,east,hist,2006,12.9406,2.9376
CMCC-ESM2,east,hist,2007,18.5608,4.5548
CMCC-ESM2,east,hist,2008,37.479,47.1404
CMCC-ESM2,east,hist,2009,16.8466,0.8881
CMCC-ESM2,east,hist,2010,36.6304,110.3042
CMCC-ESM2,east,hist,2011,12.2245,0.0
CMCC-ESM2,east,hist,2012,21.4776,14.1713
CMCC-ESM2,east,hist,2013,11.5471,0.0
CMCC-ESM2,east,hist,2014,23.2687,17.1669
CMCC-ESM2,east,fut,2076,34.7124,60.7101
CMCC-ESM2,east,fut,2077,3.5239,0.0
CMCC-ESM2,east,fut,2078,6.1055,0.0
CMCC-ESM2,east,fut,2079,4.0223,0.0
CMCC-ESM2,east,fut,2080,43.3714,92.0231
CMCC-ESM2,east,fut,2081,18.7431,14.4409
CMCC-ESM2,east,fut,2082,3.819,0.0
CMCC-ESM2,east,fut,2083,11.8969,0.0
CMCC-ESM2,east,fut,2084,13.57,7.1767
CMCC-ESM2,east,fut,2085,3.883,0.0
CMCC-ESM2,east,fut,2086,40.0932,186.9271
CMCC-ESM2,east,fut,2087,28.7513,37.1146
CMCC-ESM2,east,fut,2088,19.0876,8.5478
CMCC-ESM2,east,fut,2089,24.3126,22.4028
CMCC-ESM2,east,fut,2090,36.164,38.4643
CMCC-ESM2,east,fut,2091,48.6079,187.2247
CMCC-ESM2,east,fut,2092,58.0125,93.1444
CMCC-ESM2,east,fut,2093,5.7583,0.0
CMCC-ESM2,east,fut,2094,26.0326,50.9693
CMCC-ESM2,east,fut,2095,4.5882,0.0
CMCC-ESM2,east,fut,2096,40.9955,236.4154
CMCC-ESM2,east,fut,2097,27.0219,35.2021
CMCC-ESM2,east,fut,2098,26.064,27.3874
CMCC-ESM2,east,fut,2099,16.0646,0.0
CMCC-ESM2,east,fut,2100,33.2121,98.21
CNRM-CM6-1,uae,hist,1990,15.1023,5.9643
CNRM-CM6-1,uae,hist,1991,6.0896,0.0427
CNRM-CM6-1,uae,hist,1992,10.606,2.3895
CNRM-CM6-1,uae,hist,1993,19.0174,14.7065
CNRM-CM6-1,uae,hist,1994,17.1558,5.7718
CNRM-CM6-1,uae,hist,1995,22.2755,14.3433
CNRM-CM6-1,uae,hist,1996,25.7634,20.4406
CNRM-CM6-1,uae,hist,1997,13.2187,4.7888
CNRM-CM6-1,uae,hist,1998,17.158,9.0015
CNRM-CM6-1,uae,hist,1999,17.8708,9.8734
CNRM-CM6-1,uae,hist,2000,12.7532,1.7974
CNRM-CM6-1,uae,hist,2001,8.2706,0.0
CNRM-CM6-1,uae,hist,2002,3.4321,0.0
CNRM-CM6-1,uae,hist,2003,11.6955,2.8801
CNRM-CM6-1,uae,hist,2004,21.5846,19.7795
CNRM-CM6-1,uae,hist,2005,25.2183,18.2616
CNRM-CM6-1,uae,hist,2006,16.852,9.408
CNRM-CM6-1,uae,hist,2007,31.0163,38.3206
CNRM-CM6-1,uae,hist,2008,15.3112,7.8669
CNRM-CM6-1,uae,hist,2009,19.3615,12.6057
CNRM-CM6-1,uae,hist,2010,11.8184,0.5652
CNRM-CM6-1,uae,hist,2011,16.1425,4.3695
CNRM-CM6-1,uae,hist,2012,4.3718,0.0
CNRM-CM6-1,uae,hist,2013,14.8522,4.5684
CNRM-CM6-1,uae,hist,2014,1.4583,0.0
CNRM-CM6-1,uae,fut,2076,9.8455,2.7775
CNRM-CM6-1,uae,fut,2077,12.6144,1.952
CNRM-CM6-1,uae,fut,2078,19.4522,11.4824
CNRM-CM6-1,uae,fut,2079,4.7114,0.7414
CNRM-CM6-1,uae,fut,2080,2.1614,0.3039
CNRM-CM6-1,uae,fut,2081,2.1217,0.0
CNRM-CM6-1,uae,fut,2082,3.0039,0.0
CNRM-CM6-1,uae,fut,2083,26.806,57.4574
CNRM-CM6-1,uae,fut,2084,14.5413,6.567
CNRM-CM6-1,uae,fut,2085,10.1819,0.4499
CNRM-CM6-1,uae,fut,2086,24.1089,26.0483
CNRM-CM6-1,uae,fut,2087,7.8644,0.4921
CNRM-CM6-1,uae,fut,2088,14.6134,4.1583
CNRM-CM6-1,uae,fut,2089,26.7195,20.8219
CNRM-CM6-1,uae,fut,2090,3.7791,0.187
CNRM-CM6-1,uae,fut,2091,8.7175,0.4889
CNRM-CM6-1,uae,fut,2092,7.9535,0.8126
CNRM-CM6-1,uae,fut,2093,26.9443,22.1452
CNRM-CM6-1,uae,fut,2094,19.3574,13.6254
CNRM-CM6-1,uae,fut,2095,14.889,6.6039
CNRM-CM6-1,uae,fut,2096,3.0139,0.0
CNRM-CM6-1,uae,fut,2097,5.7154,0.7689
CNRM-CM6-1,uae,fut,2098,7.834,0.1817
CNRM-CM6-1,uae,fut,2099,6.8555,0.7632
CNRM-CM6-1,uae,fut,2100,7.2618,0.0241
CNRM-CM6-1,east,hist,1990,23.9714,17.0589
CNRM-CM6-1,east,hist,1991,10.2893,0.0
CNRM-CM6-1,east,hist,1992,19.1,3.8759
CNRM-CM6-1,east,hist,1993,21.7878,13.5352
CNRM-CM6-1,east,hist,1994,19.0316,0.7584
CNRM-CM6-1,east,hist,1995,37.2898,38.5261
CNRM-CM6-1,east,hist,1996,40.4262,58.886
CNRM-CM6-1,east,hist,1997,27.5859,16.9406
CNRM-CM6-1,east,hist,1998,23.4234,12.6727
CNRM-CM6-1,east,hist,1999,28.2407,31.6842
CNRM-CM6-1,east,hist,2000,16.8728,0.9193
CNRM-CM6-1,east,hist,2001,6.1669,0.0
CNRM-CM6-1,east,hist,2002,4.7455,0.0
CNRM-CM6-1,east,hist,2003,22.7022,11.3753
CNRM-CM6-1,east,hist,2004,35.3043,65.4795
CNRM-CM6-1,east,hist,2005,29.7954,23.8397
CNRM-CM6-1,east,hist,2006,36.8104,41.0503
CNRM-CM6-1,east,hist,2007,41.3651,102.5024
CNRM-CM6-1,east,hist,2008,22.6673,8.3617
CNRM-CM6-1,east,hist,2009,20.9396,7.3067
CNRM-CM6-1,east,hist,2010,12.4799,0.0
CNRM-CM6-1,east,hist,2011,24.0204,15.143
CNRM-CM6-1,east,hist,2012,8.6225,0.0
CNRM-CM6-1,east,hist,2013,21.5761,11.9442
CNRM-CM6-1,east,hist,2014,3.3993,0.0
CNRM-CM6-1,east,fut,2076,11.4955,0.0
CNRM-CM6-1,east,fut,2077,24.3428,13.9135
CNRM-CM6-1,east,fut,2078,30.2019,24.805
CNRM-CM6-1,east,fut,2079,16.9831,7.9464
CNRM-CM6-1,east,fut,2080,1.1015,0.0
CNRM-CM6-1,east,fut,2081,1.6211,0.0
CNRM-CM6-1,east,fut,2082,5.7877,0.0
CNRM-CM6-1,east,fut,2083,33.8825,145.7956
CNRM-CM6-1,east,fut,2084,9.3743,0.0
CNRM-CM6-1,east,fut,2085,12.0626,0.0
CNRM-CM6-1,east,fut,2086,41.3438,39.1684
CNRM-CM6-1,east,fut,2087,14.4659,0.0
CNRM-CM6-1,east,fut,2088,24.6271,17.6414
CNRM-CM6-1,east,fut,2089,45.3278,62.1786
CNRM-CM6-1,east,fut,2090,6.9186,0.0
CNRM-CM6-1,east,fut,2091,19.3795,6.4115
CNRM-CM6-1,east,fut,2092,17.1138,0.8098
CNRM-CM6-1,east,fut,2093,39.016,71.5633
CNRM-CM6-1,east,fut,2094,33.4406,36.3183
CNRM-CM6-1,east,fut,2095,25.4597,16.2735
CNRM-CM6-1,east,fut,2096,8.7012,0.0
CNRM-CM6-1,east,fut,2097,13.2748,0.0
CNRM-CM6-1,east,fut,2098,7.7018,0.0
CNRM-CM6-1,east,fut,2099,13.2888,0.0
CNRM-CM6-1,east,fut,2100,9.8143,0.0
CNRM-ESM2-1,uae,hist,1990,18.5042,11.6872
CNRM-ESM2-1,uae,hist,1991,13.4063,4.1284
CNRM-ESM2-1,uae,hist,1992,27.5913,40.3648
CNRM-ESM2-1,uae,hist,1993,10.7518,2.0795
CNRM-ESM2-1,uae,hist,1994,8.1229,1.4768
CNRM-ESM2-1,uae,hist,1995,5.1632,0.3884
CNRM-ESM2-1,uae,hist,1996,8.0702,0.0875
CNRM-ESM2-1,uae,hist,1997,7.6935,0.1237
CNRM-ESM2-1,uae,hist,1998,10.3124,3.2943
CNRM-ESM2-1,uae,hist,1999,18.0074,8.8233
CNRM-ESM2-1,uae,hist,2000,12.2016,4.4831
CNRM-ESM2-1,uae,hist,2001,14.1591,1.2782
CNRM-ESM2-1,uae,hist,2002,0.419,0.0
CNRM-ESM2-1,uae,hist,2003,4.4848,0.2758
CNRM-ESM2-1,uae,hist,2004,20.3036,17.3823
CNRM-ESM2-1,uae,hist,2005,8.3175,0.9848
CNRM-ESM2-1,uae,hist,2006,24.1672,23.5787
CNRM-ESM2-1,uae,hist,2007,21.1235,15.1091
CNRM-ESM2-1,uae,hist,2008,15.5584,8.762
CNRM-ESM2-1,uae,hist,2009,10.0284,1.4456
CNRM-ESM2-1,uae,hist,2010,26.5582,29.0348
CNRM-ESM2-1,uae,hist,2011,14.9974,4.2052
CNRM-ESM2-1,uae,hist,2012,18.8791,10.7104
CNRM-ESM2-1,uae,hist,2013,13.8074,3.9465
CNRM-ESM2-1,uae,hist,2014,16.649,9.7298
CNRM-ESM2-1,uae,fut,2076,16.4763,8.5525
CNRM-ESM2-1,uae,fut,2077,24.8418,21.5308
CNRM-ESM2-1,uae,fut,2078,4.02,0.2141
CNRM-ESM2-1,uae,fut,2079,21.4364,14.6591
CNRM-ESM2-1,uae,fut,2080,18.5313,8.8901
CNRM-ESM2-1,uae,fut,2081,20.6912,11.2038
CNRM-ESM2-1,uae,fut,2082,38.8408,69.0779
CNRM-ESM2-1,uae,fut,2083,21.366,15.6209
CNRM-ESM2-1,uae,fut,2084,25.2908,37.3288
CNRM-ESM2-1,uae,fut,2085,13.2381,8.0044
CNRM-ESM2-1,uae,fut,2086,9.7291,1.4511
CNRM-ESM2-1,uae,fut,2087,1.2018,0.0
CNRM-ESM2-1,uae,fut,2088,10.6196,2.2075
CNRM-ESM2-1,uae,fut,2089,22.7386,15.1858
CNRM-ESM2-1,uae,fut,2090,25.1544,18.4123
CNRM-ESM2-1,uae,fut,2091,32.9244,64.4472
CNRM-ESM2-1,uae,fut,2092,2.166,0.0
CNRM-ESM2-1,uae,fut,2093,14.9744,7.8828
CNRM-ESM2-1,uae,fut,2094,6.7343,1.0825
CNRM-ESM2-1,uae,fut,2095,4.5308,0.0
CNRM-ESM2-1,uae,fut,2096,40.2276,34.3475
CNRM-ESM2-1,uae,fut,2097,22.9679,13.9819
CNRM-ESM2-1,uae,fut,2098,29.0235,24.1789
CNRM-ESM2-1,uae,fut,2099,34.8251,81.4385
CNRM-ESM2-1,uae,fut,2100,16.484,7.2836
CNRM-ESM2-1,east,hist,1990,34.8222,56.34
CNRM-ESM2-1,east,hist,1991,17.6401,0.9679
CNRM-ESM2-1,east,hist,1992,35.1262,47.1277
CNRM-ESM2-1,east,hist,1993,19.1064,1.9309
CNRM-ESM2-1,east,hist,1994,25.7606,16.0455
CNRM-ESM2-1,east,hist,1995,14.3728,3.8844
CNRM-ESM2-1,east,hist,1996,12.6743,0.0
CNRM-ESM2-1,east,hist,1997,12.6054,0.0
CNRM-ESM2-1,east,hist,1998,14.4971,0.0
CNRM-ESM2-1,east,hist,1999,27.9162,21.4695
CNRM-ESM2-1,east,hist,2000,25.5376,24.8788
CNRM-ESM2-1,east,hist,2001,15.0916,0.0
CNRM-ESM2-1,east,hist,2002,0.7902,0.0
CNRM-ESM2-1,east,hist,2003,14.2849,0.0
CNRM-ESM2-1,east,hist,2004,29.8251,42.0428
CNRM-ESM2-1,east,hist,2005,13.4498,0.0
CNRM-ESM2-1,east,hist,2006,30.0515,70.5445
CNRM-ESM2-1,east,hist,2007,33.1383,53.2784
CNRM-ESM2-1,east,hist,2008,28.9766,29.4689
CNRM-ESM2-1,east,hist,2009,21.6784,5.0125
CNRM-ESM2-1,east,hist,2010,49.8032,112.5318
CNRM-ESM2-1,east,hist,2011,21.634,10.3249
CNRM-ESM2-1,east,hist,2012,19.9659,9.4129
CNRM-ESM2-1,east,hist,2013,15.8579,1.1076
CNRM-ESM2-1,east,hist,2014,27.3212,23.4039
CNRM-ESM2-1,east,fut,2076,28.5377,21.6261
CNRM-ESM2-1,east,fut,2077,44.0025,49.2651
CNRM-ESM2-1,east,fut,2078,11.172,0.0
CNRM-ESM2-1,east,fut,2079,35.7224,32.7455
CNRM-ESM2-1,east,fut,2080,18.1609,0.0
CNRM-ESM2-1,east,fut,2081,14.5913,4.638
CNRM-ESM2-1,east,fut,2082,55.9085,153.3553
CNRM-ESM2-1,east,fut,2083,31.6108,28.9766
CNRM-ESM2-1,east,fut,2084,27.6544,33.4011
CNRM-ESM2-1,east,fut,2085,10.2029,2.3145
CNRM-ESM2-1,east,fut,2086,5.7073,0.0
CNRM-ESM2-1,east,fut,2087,3.2571,0.0
CNRM-ESM2-1,east,fut,2088,13.0436,0.0
CNRM-ESM2-1,east,fut,2089,47.5981,43.6316
CNRM-ESM2-1,east,fut,2090,37.0388,31.2942
CNRM-ESM2-1,east,fut,2091,46.5322,176.9111
CNRM-ESM2-1,east,fut,2092,2.3516,0.0
CNRM-ESM2-1,east,fut,2093,18.9,6.2867
CNRM-ESM2-1,east,fut,2094,16.4154,4.4925
CNRM-ESM2-1,east,fut,2095,6.5005,0.0
CNRM-ESM2-1,east,fut,2096,40.2032,53.6118
CNRM-ESM2-1,east,fut,2097,14.4617,7.0348
CNRM-ESM2-1,east,fut,2098,39.6731,43.3385
CNRM-ESM2-1,east,fut,2099,56.1105,175.6623
CNRM-ESM2-1,east,fut,2100,15.2407,6.7909
CanESM5,uae,hist,1990,5.244,0.0
CanESM5,uae,hist,1991,10.2923,3.4848
CanESM5,uae,hist,1992,11.5685,2.6747
CanESM5,uae,hist,1993,3.0225,0.0
CanESM5,uae,hist,1994,5.4023,0.6152
CanESM5,uae,hist,1995,21.4686,24.1706
CanESM5,uae,hist,1996,5.6338,0.7636
CanESM5,uae,hist,1997,14.1282,6.4107
CanESM5,uae,hist,1998,4.5311,0.0
CanESM5,uae,hist,1999,9.9653,3.3305
CanESM5,uae,hist,2000,2.9629,0.3188
CanESM5,uae,hist,2001,14.4871,14.0599
CanESM5,uae,hist,2002,4.2792,0.0962
CanESM5,uae,hist,2003,8.7711,5.2237
CanESM5,uae,hist,2004,7.0136,1.7615
CanESM5,uae,hist,2005,1.8442,0.0
CanESM5,uae,hist,2006,11.0527,4.0375
CanESM5,uae,hist,2007,2.6924,0.0
CanESM5,uae,hist,2008,4.7067,0.0
CanESM5,uae,hist,2009,14.854,6.7586
CanESM5,uae,hist,2010,22.0849,34.4549
CanESM5,uae,hist,2011,31.1906,40.7257
CanESM5,uae,hist,2012,4.7028,0.0
CanESM5,uae,hist,2013,24.1667,41.4893
CanESM5,uae,hist,2014,23.3844,28.675
CanESM5,uae,fut,2076,14.4528,10.5005
CanESM5,uae,fut,2077,16.1679,12.6415
CanESM5,uae,fut,2078,15.8882,7.8278
CanESM5,uae,fut,2079,12.1626,6.8492
CanESM5,uae,fut,2080,13.327,11.6735
CanESM5,uae,fut,2081,24.0376,66.6952
CanESM5,uae,fut,2082,7.9978,0.7972
CanESM5,uae,fut,2083,18.1952,18.2857
CanESM5,uae,fut,2084,27.1358,63.3589
CanESM5,uae,fut,2085,22.3524,55.1168
CanESM5,uae,fut,2086,11.5394,3.728
CanESM5,uae,fut,2087,16.0113,14.0486
CanESM5,uae,fut,2088,8.9742,1.9069
CanESM5,uae,fut,2089,18.9198,21.4947
CanESM5,uae,fut,2090,13.1134,10.9848
CanESM5,uae,fut,2091,19.776,20.8515
CanESM5,uae,fut,2092,16.0962,13.5204
CanESM5,uae,fut,2093,15.626,12.903
CanESM5,uae,fut,2094,19.7158,18.2764
CanESM5,uae,fut,2095,13.0766,6.8116
CanESM5,uae,fut,2096,19.4656,31.291
CanESM5,uae,fut,2097,24.5852,19.9442
CanESM5,uae,fut,2098,9.9654,2.6334
CanESM5,uae,fut,2099,14.6918,4.9435
CanESM5,uae,fut,2100,18.2087,18.9788
CanESM5,east,hist,1990,12.1789,0.0
CanESM5,east,hist,1991,17.3157,5.6482
CanESM5,east,hist,1992,12.6684,0.9522
CanESM5,east,hist,1993,3.6721,0.0
CanESM5,east,hist,1994,9.87,0.0
CanESM5,east,hist,1995,41.5258,66.7461
CanESM5,east,hist,1996,13.9274,4.4824
CanESM5,east,hist,1997,19.3985,15.0619
CanESM5,east,hist,1998,4.3002,0.0
CanESM5,east,hist,1999,18.6321,16.6425
CanESM5,east,hist,2000,11.77,1.4844
CanESM5,east,hist,2001,22.8612,49.6012
CanESM5,east,hist,2002,7.8162,0.0
CanESM5,east,hist,2003,14.9131,5.1779
CanESM5,east,hist,2004,10.8799,0.0
CanESM5,east,hist,2005,3.5778,0.0
CanESM5,east,hist,2006,14.2654,0.0
CanESM5,east,hist,2007,4.6695,0.0
CanESM5,east,hist,2008,6.2552,0.0
CanESM5,east,hist,2009,12.4214,0.0
CanESM5,east,hist,2010,31.1119,88.8944
CanESM5,east,hist,2011,42.8172,95.6044
CanESM5,east,hist,2012,5.3151,0.0
CanESM5,east,hist,2013,38.0915,78.4073
CanESM5,east,hist,2014,43.423,97.7286
CanESM5,east,fut,2076,28.4324,56.2612
CanESM5,east,fut,2077,22.4953,21.8615
CanESM5,east,fut,2078,23.2629,20.4222
CanESM5,east,fut,2079,19.1152,9.3311
CanESM5,east,fut,2080,29.1549,55.0652
CanESM5,east,fut,2081,34.8484,191.8867
CanESM5,east,fut,2082,14.7508,0.0
CanESM5,east,fut,2083,30.7127,65.1346
CanESM5,east,fut,2084,34.2244,139.6239
CanESM5,east,fut,2085,31.2406,106.8342
CanESM5,east,fut,2086,25.2252,22.2581
CanESM5,east,fut,2087,20.8698,23.8604
CanESM5,east,fut,2088,12.965,0.0
CanESM5,east,fut,2089,24.4608,30.7176
CanESM5,east,fut,2090,23.359,37.635
CanESM5,east,fut,2091,29.175,44.7938
CanESM5,east,fut,2092,20.9604,26.2078
CanESM5,east,fut,2093,25.583,23.129
CanESM5,east,fut,2094,17.7683,10.1921
CanESM5,east,fut,2095,19.5105,17.7282
CanESM5,east,fut,2096,30.9485,96.1115
CanESM5,east,fut,2097,31.5463,40.5792
CanESM5,east,fut,2098,11.4931,0.0
CanESM5,east,fut,2099,17.4718,2.1298
CanESM5,east,fut,2100,34.7522,81.1116
EC-Earth3,uae,hist,1990,18.5927,7.2825
EC-Earth3,uae,hist,1991,16.697,3.3348
EC-Earth3,uae,hist,1992,9.4523,1.0231
EC-Earth3,uae,hist,1993,14.5354,3.289
EC-Earth3,uae,hist,1994,29.6159,35.5892
EC-Earth3,uae,hist,1995,3.5934,0.0
EC-Earth3,uae,hist,1996,7.5958,0.0
EC-Earth3,uae,hist,1997,15.7975,5.6151
EC-Earth3,uae,hist,1998,23.5009,11.8617
EC-Earth3,uae,hist,1999,3.0775,0.0
EC-Earth3,uae,hist,2000,17.2111,7.7551
EC-Earth3,uae,hist,2001,28.6309,27.9698
EC-Earth3,uae,hist,2002,9.9662,0.279
EC-Earth3,uae,hist,2003,15.3095,7.5151
EC-Earth3,uae,hist,2004,11.7595,1.5643
EC-Earth3,uae,hist,2005,19.4233,9.0342
EC-Earth3,uae,hist,2006,22.8584,14.8073
EC-Earth3,uae,hist,2007,28.2455,20.8468
EC-Earth3,uae,hist,2008,23.7829,13.3738
EC-Earth3,uae,hist,2009,18.9068,7.0424
EC-Earth3,uae,hist,2010,10.8451,0.2954
EC-Earth3,uae,hist,2011,13.8578,4.1238
EC-Earth3,uae,hist,2012,39.9297,49.3412
EC-Earth3,uae,hist,2013,12.8441,3.2655
EC-Earth3,uae,hist,2014,2.7478,0.0
EC-Earth3,uae,fut,2076,3.8503,0.0387
EC-Earth3,uae,fut,2077,29.4537,23.5924
EC-Earth3,uae,fut,2078,11.9972,1.3533
EC-Earth3,uae,fut,2079,20.3153,16.2298
EC-Earth3,uae,fut,2080,2.4759,0.0
EC-Earth3,uae,fut,2081,22.5121,21.4275
EC-Earth3,uae,fut,2082,18.8025,8.3533
EC-Earth3,uae,fut,2083,18.6099,15.718
EC-Earth3,uae,fut,2084,2.4437,0.0
EC-Earth3,uae,fut,2085,4.541,1.6991
EC-Earth3,uae,fut,2086,28.7498,36.647
EC-Earth3,uae,fut,2087,3.731,0.0
EC-Earth3,uae,fut,2088,6.2486,0.7893
EC-Earth3,uae,fut,2089,5.337,0.0
EC-Earth3,uae,fut,2090,19.4567,11.2687
EC-Earth3,uae,fut,2091,26.6365,48.253
EC-Earth3,uae,fut,2092,2.1633,0.0
EC-Earth3,uae,fut,2093,2.0299,0.0
EC-Earth3,uae,fut,2094,17.8728,7.5243
EC-Earth3,uae,fut,2095,3.5433,0.0
EC-Earth3,uae,fut,2096,10.5152,5.6408
EC-Earth3,uae,fut,2097,4.8747,0.0
EC-Earth3,uae,fut,2098,3.8806,0.3723
EC-Earth3,uae,fut,2099,12.3175,2.3282
EC-Earth3,uae,fut,2100,4.47,0.7894
EC-Earth3,east,hist,1990,17.0878,0.0
EC-Earth3,east,hist,1991,15.589,0.0
EC-Earth3,east,hist,1992,19.1634,7.4808
EC-Earth3,east,hist,1993,22.8178,14.0828
EC-Earth3,east,hist,1994,37.563,84.6091
EC-Earth3,east,hist,1995,6.7483,0.0
EC-Earth3,east,hist,1996,15.198,0.0
EC-Earth3,east,hist,1997,25.1011,21.8404
EC-Earth3,east,hist,1998,37.7766,35.473
EC-Earth3,east,hist,1999,6.0217,0.0
EC-Earth3,east,hist,2000,15.2064,0.0
EC-Earth3,east,hist,2001,51.9269,101.4925
EC-Earth3,east,hist,2002,10.3766,0.0
EC-Earth3,east,hist,2003,22.2601,10.3541
EC-Earth3,east,hist,2004,20.0386,7.8398
EC-Earth3,east,hist,2005,31.976,32.6216
EC-Earth3,east,hist,2006,15.2029,0.0
EC-Earth3,east,hist,2007,54.4283,50.2472
EC-Earth3,east,hist,2008,26.9149,21.3243
EC-Earth3,east,hist,2009,31.6014,35.8925
EC-Earth3,east,hist,2010,15.6591,0.0
EC-Earth3,east,hist,2011,29.698,30.9527
EC-Earth3,east,hist,2012,54.1526,96.5047
EC-Earth3,east,hist,2013,14.6241,0.0
EC-Earth3,east,hist,2014,8.6736,0.0
EC-Earth3,east,fut,2076,5.3855,0.0
EC-Earth3,east,fut,2077,40.4832,56.4357
EC-Earth3,east,fut,2078,19.8288,1.1288
EC-Earth3,east,fut,2079,34.5423,77.9554
EC-Earth3,east,fut,2080,3.7523,0.0
EC-Earth3,east,fut,2081,34.2207,36.1469
EC-Earth3,east,fut,2082,24.1871,19.9435
EC-Earth3,east,fut,2083,35.8783,51.319
EC-Earth3,east,fut,2084,2.9251,0.0
EC-Earth3,east,fut,2085,2.8838,0.0
EC-Earth3,east,fut,2086,20.1354,6.5081
EC-Earth3,east,fut,2087,3.6865,0.0
EC-Earth3,east,fut,2088,5.4196,0.0
EC-Earth3,east,fut,2089,6.1607,0.0
EC-Earth3,east,fut,2090,38.4652,71.4404
EC-Earth3,east,fut,2091,41.0825,202.5844
EC-Earth3,east,fut,2092,3.4544,0.0
EC-Earth3,east,fut,2093,1.8927,0.0
EC-Earth3,east,fut,2094,38.2291,43.4606
EC-Earth3,east,fut,2095,10.0869,0.0
EC-Earth3,east,fut,2096,20.2449,13.4505
EC-Earth3,east,fut,2097,9.989,0.0
EC-Earth3,east,fut,2098,13.6781,0.0
EC-Earth3,east,fut,2099,22.5573,8.5369
EC-Earth3,east,fut,2100,4.3438,0.0
EC-Earth3-Veg-LR,uae,hist,1990,7.0501,0.6582
EC-Earth3-Veg-LR,uae,hist,1991,10.6337,3.8875
EC-Earth3-Veg-LR,uae,hist,1992,12.9216,3.4861
EC-Earth3-Veg-LR,uae,hist,1993,9.6037,2.3703
EC-Earth3-Veg-LR,uae,hist,1994,23.2955,26.7543
EC-Earth3-Veg-LR,uae,hist,1995,12.0763,3.4352
EC-Earth3-Veg-LR,uae,hist,1996,3.0452,0.0
EC-Earth3-Veg-LR,uae,hist,1997,11.9787,3.5103
EC-Earth3-Veg-LR,uae,hist,1998,5.8614,0.0
EC-Earth3-Veg-LR,uae,hist,1999,34.7716,42.044
EC-Earth3-Veg-LR,uae,hist,2000,20.2428,13.6955
EC-Earth3-Veg-LR,uae,hist,2001,5.1942,0.6173
EC-Earth3-Veg-LR,uae,hist,2002,5.3349,0.0
EC-Earth3-Veg-LR,uae,hist,2003,16.8526,7.9387
EC-Earth3-Veg-LR,uae,hist,2004,12.867,2.283
EC-Earth3-Veg-LR,uae,hist,2005,5.0467,0.0
EC-Earth3-Veg-LR,uae,hist,2006,14.7853,6.3563
EC-Earth3-Veg-LR,uae,hist,2007,25.3781,29.9221
EC-Earth3-Veg-LR,uae,hist,2008,6.5972,0.5209
EC-Earth3-Veg-LR,uae,hist,2009,3.5283,0.2674
EC-Earth3-Veg-LR,uae,hist,2010,29.8734,62.6985
EC-Earth3-Veg-LR,uae,hist,2011,11.1811,3.185
EC-Earth3-Veg-LR,uae,hist,2012,17.8934,10.4439
EC-Earth3-Veg-LR,uae,hist,2013,9.7913,1.9757
EC-Earth3-Veg-LR,uae,hist,2014,12.7891,3.3147
EC-Earth3-Veg-LR,uae,fut,2076,15.604,4.783
EC-Earth3-Veg-LR,uae,fut,2077,2.4006,0.0
EC-Earth3-Veg-LR,uae,fut,2078,11.4606,4.1198
EC-Earth3-Veg-LR,uae,fut,2079,31.5931,73.0249
EC-Earth3-Veg-LR,uae,fut,2080,5.2143,0.5082
EC-Earth3-Veg-LR,uae,fut,2081,5.5063,0.1738
EC-Earth3-Veg-LR,uae,fut,2082,6.0952,0.7116
EC-Earth3-Veg-LR,uae,fut,2083,23.2612,32.3611
EC-Earth3-Veg-LR,uae,fut,2084,23.4958,21.8566
EC-Earth3-Veg-LR,uae,fut,2085,2.204,0.0
EC-Earth3-Veg-LR,uae,fut,2086,4.3799,0.0
EC-Earth3-Veg-LR,uae,fut,2087,22.5622,21.7844
EC-Earth3-Veg-LR,uae,fut,2088,8.9371,0.5678
EC-Earth3-Veg-LR,uae,fut,2089,2.3663,0.0
EC-Earth3-Veg-LR,uae,fut,2090,3.3966,0.0
EC-Earth3-Veg-LR,uae,fut,2091,24.9872,26.7359
EC-Earth3-Veg-LR,uae,fut,2092,10.4553,3.3249
EC-Earth3-Veg-LR,uae,fut,2093,7.0466,1.2152
EC-Earth3-Veg-LR,uae,fut,2094,30.4637,41.4249
EC-Earth3-Veg-LR,uae,fut,2095,3.4261,0.0
EC-Earth3-Veg-LR,uae,fut,2096,3.0535,0.0
EC-Earth3-Veg-LR,uae,fut,2097,31.4371,48.868
EC-Earth3-Veg-LR,uae,fut,2098,4.9367,0.654
EC-Earth3-Veg-LR,uae,fut,2099,2.7991,0.0
EC-Earth3-Veg-LR,uae,fut,2100,7.5884,0.1687
EC-Earth3-Veg-LR,east,hist,1990,14.29,3.7286
EC-Earth3-Veg-LR,east,hist,1991,16.9159,5.0417
EC-Earth3-Veg-LR,east,hist,1992,25.8477,21.4873
EC-Earth3-Veg-LR,east,hist,1993,17.6654,7.1523
EC-Earth3-Veg-LR,east,hist,1994,40.4614,54.9994
EC-Earth3-Veg-LR,east,hist,1995,26.7004,23.7167
EC-Earth3-Veg-LR,east,hist,1996,4.7251,0.0
EC-Earth3-Veg-LR,east,hist,1997,14.2964,0.0
EC-Earth3-Veg-LR,east,hist,1998,4.4135,0.0
EC-Earth3-Veg-LR,east,hist,1999,35.412,91.0888
EC-Earth3-Veg-LR,east,hist,2000,26.2996,39.0595
EC-Earth3-Veg-LR,east,hist,2001,13.0878,2.5203
EC-Earth3-Veg-LR,east,hist,2002,11.4719,0.0
EC-Earth3-Veg-LR,east,hist,2003,42.5643,49.5046
EC-Earth3-Veg-LR,east,hist,2004,18.3137,0.0
EC-Earth3-Veg-LR,east,hist,2005,13.2601,0.0
EC-Earth3-Veg-LR,east,hist,2006,26.9478,21.873
EC-Earth3-Veg-LR,east,hist,2007,25.0378,23.1631
EC-Earth3-Veg-LR,east,hist,2008,18.9796,6.6493
EC-Earth3-Veg-LR,east,hist,2009,5.8283,0.0
EC-Earth3-Veg-LR,east,hist,2010,42.727,151.0024
EC-Earth3-Veg-LR,east,hist,2011,20.6513,11.0984
EC-Earth3-Veg-LR,east,hist,2012,16.8344,6.3185
EC-Earth3-Veg-LR,east,hist,2013,18.359,8.5147
EC-Earth3-Veg-LR,east,hist,2014,11.739,0.0
EC-Earth3-Veg-LR,east,fut,2076,23.9188,13.5234
EC-Earth3-Veg-LR,east,fut,2077,3.2082,0.0
EC-Earth3-Veg-LR,east,fut,2078,25.2203,26.1598
EC-Earth3-Veg-LR,east,fut,2079,39.4073,150.7308
EC-Earth3-Veg-LR,east,fut,2080,5.5287,0.0
EC-Earth3-Veg-LR,east,fut,2081,6.9291,0.0
EC-Earth3-Veg-LR,east,fut,2082,11.7476,3.8024
EC-Earth3-Veg-LR,east,fut,2083,33.7962,104.3041
EC-Earth3-Veg-LR,east,fut,2084,30.4785,34.6125
EC-Earth3-Veg-LR,east,fut,2085,2.7646,0.0
EC-Earth3-Veg-LR,east,fut,2086,6.9806,0.0
EC-Earth3-Veg-LR,east,fut,2087,42.3219,79.2166
EC-Earth3-Veg-LR,east,fut,2088,9.0748,0.0
EC-Earth3-Veg-LR,east,fut,2089,2.0554,0.0
EC-Earth3-Veg-LR,east,fut,2090,2.3984,0.0
EC-Earth3-Veg-LR,east,fut,2091,43.9483,62.0241
EC-Earth3-Veg-LR,east,fut,2092,18.9537,5.3581
EC-Earth3-Veg-LR,east,fut,2093,8.0887,0.0
EC-Earth3-Veg-LR,east,fut,2094,45.4809,88.2033
EC-Earth3-Veg-LR,east,fut,2095,5.517,0.0
EC-Earth3-Veg-LR,east,fut,2096,4.0864,0.0
EC-Earth3-Veg-LR,east,fut,2097,54.8422,105.8251
EC-Earth3-Veg-LR,east,fut,2098,3.2887,0.0
EC-Earth3-Veg-LR,east,fut,2099,7.7676,0.0
EC-Earth3-Veg-LR,east,fut,2100,12.8457,0.0
FGOALS-g3,uae,hist,1990,14.7475,9.4512
FGOALS-g3,uae,hist,1991,5.7426,0.3468
FGOALS-g3,uae,hist,1992,12.8335,9.5019
FGOALS-g3,uae,hist,1993,9.3875,2.3743
FGOALS-g3,uae,hist,1994,3.1088,0.4695
FGOALS-g3,uae,hist,1995,27.0727,37.4283
FGOALS-g3,uae,hist,1996,7.5179,0.7367
FGOALS-g3,uae,hist,1997,3.4315,0.0
FGOALS-g3,uae,hist,1998,7.1843,0.4721
FGOALS-g3,uae,hist,1999,10.3528,1.4265
FGOALS-g3,uae,hist,2000,34.9455,61.6233
FGOALS-g3,uae,hist,2001,35.336,67.6621
FGOALS-g3,uae,hist,2002,2.2192,0.0
FGOALS-g3,uae,hist,2003,6.2407,0.0689
FGOALS-g3,uae,hist,2004,25.3624,28.9875
FGOALS-g3,uae,hist,2005,13.4807,3.3965
FGOALS-g3,uae,hist,2006,3.5438,0.0
FGOALS-g3,uae,hist,2007,10.3642,2.4104
FGOALS-g3,uae,hist,2008,18.3123,9.5822
FGOALS-g3,uae,hist,2009,7.8074,1.0067
FGOALS-g3,uae,hist,2010,27.2368,22.8841
FGOALS-g3,uae,hist,2011,4.1207,0.0486
FGOALS-g3,uae,hist,2012,3.265,0.0
FGOALS-g3,uae,hist,2013,8.7992,0.2973
FGOALS-g3,uae,hist,2014,12.9859,5.2211
FGOALS-g3,uae,fut,2076,15.9076,4.8147
FGOALS-g3,uae,fut,2077,19.0515,11.1634
FGOALS-g3,uae,fut,2078,12.3222,0.9987
FGOALS-g3,uae,fut,2079,6.1677,0.0355
FGOALS-g3,uae,fut,2080,14.0234,6.2963
FGOALS-g3,uae,fut,2081,33.2446,31.3334
FGOALS-g3,uae,fut,2082,20.063,14.1728
FGOALS-g3,uae,fut,2083,13.2338,3.5464
FGOALS-g3,uae,fut,2084,6.4165,0.0
FGOALS-g3,uae,fut,2085,6.7088,1.4096
FGOALS-g3,uae,fut,2086,7.6461,0.0
FGOALS-g3,uae,fut,2087,6.7676,1.1337
FGOALS-g3,uae,fut,2088,31.489,87.4829
FGOALS-g3,uae,fut,2089,14.3236,4.5958
FGOALS-g3,uae,fut,2090,12.1392,0.7857
FGOALS-g3,uae,fut,2091,2.8877,0.0
FGOALS-g3,uae,fut,2092,6.431,0.1641
FGOALS-g3,uae,fut,2093,6.8894,0.9937
FGOALS-g3,uae,fut,2094,13.3754,1.9147
FGOALS-g3,uae,fut,2095,17.8475,8.9506
FGOALS-g3,uae,fut,2096,9.743,2.4425
FGOALS-g3,uae,fut,2097,8.0166,2.2814
FGOALS-g3,uae,fut,2098,18.9958,9.0236
FGOALS-g3,uae,fut,2099,8.9621,0.8437
FGOALS-g3,uae,fut,2100,19.5947,12.8946
FGOALS-g3,east,hist,1990,29.3284,28.5532
FGOALS-g3,east,hist,1991,9.2771,0.0
FGOALS-g3,east,hist,1992,24.6523,39.6997
FGOALS-g3,east,hist,1993,21.311,12.8313
FGOALS-g3,east,hist,1994,6.7712,0.0
FGOALS-g3,east,hist,1995,22.8563,28.0532
FGOALS-g3,east,hist,1996,15.2118,1.6886
FGOALS-g3,east,hist,1997,10.9575,0.0
FGOALS-g3,east,hist,1998,14.1428,1.3759
FGOALS-g3,east,hist,1999,14.7133,2.5699
FGOALS-g3,east,hist,2000,54.6744,92.8857
FGOALS-g3,east,hist,2001,36.016,155.8338
FGOALS-g3,east,hist,2002,1.5147,0.0
FGOALS-g3,east,hist,2003,6.5905,0.0
FGOALS-g3,east,hist,2004,36.5812,66.9815
FGOALS-g3,east,hist,2005,22.3486,16.4484
FGOALS-g3,east,hist,2006,14.4606,0.0
FGOALS-g3,east,hist,2007,25.2293,27.4725
FGOALS-g3,east,hist,2008,27.2082,25.698
FGOALS-g3,east,hist,2009,4.0231,0.0
FGOALS-g3,east,hist,2010,29.687,47.0476
FGOALS-g3,east,hist,2011,11.0892,0.0
FGOALS-g3,east,hist,2012,6.2044,0.0
FGOALS-g3,east,hist,2013,17.196,3.8505
FGOALS-g3,east,hist,2014,27.8165,21.1928
FGOALS-g3,east,fut,2076,16.1357,0.0
FGOALS-g3,east,fut,2077,23.0,21.0037
FGOALS-g3,east,fut,2078,12.4307,1.3719
FGOALS-g3,east,fut,2079,10.6255,0.0
FGOALS-g3,east,fut,2080,24.4999,37.0294
FGOALS-g3,east,fut,2081,39.5537,66.5852
FGOALS-g3,east,fut,2082,23.1181,17.6589
FGOALS-g3,east,fut,2083,17.0617,5.1679
FGOALS-g3,east,fut,2084,10.8163,0.0
FGOALS-g3,east,fut,2085,23.0971,18.0733
FGOALS-g3,east,fut,2086,10.7588,0.0
FGOALS-g3,east,fut,2087,16.1313,2.042
FGOALS-g3,east,fut,2088,39.3179,117.3851
FGOALS-g3,east,fut,2089,28.8003,31.559
FGOALS-g3,east,fut,2090,13.6423,0.0
FGOALS-g3,east,fut,2091,4.7955,0.0
FGOALS-g3,east,fut,2092,16.3449,1.7018
FGOALS-g3,east,fut,2093,18.1156,6.8678
FGOALS-g3,east,fut,2094,12.6125,0.0
FGOALS-g3,east,fut,2095,22.5896,20.6089
FGOALS-g3,east,fut,2096,10.6755,0.0
FGOALS-g3,east,fut,2097,15.0581,0.0
FGOALS-g3,east,fut,2098,21.116,11.7095
FGOALS-g3,east,fut,2099,14.8947,1.2718
FGOALS-g3,east,fut,2100,14.2208,0.0
GFDL-CM4,uae,hist,1990,26.4054,15.9018
GFDL-CM4,uae,hist,1991,12.6455,3.7967
GFDL-CM4,uae,hist,1992,17.135,7.8806
GFDL-CM4,uae,hist,1993,7.8358,1.3467
GFDL-CM4,uae,hist,1994,5.1746,0.0
GFDL-CM4,uae,hist,1995,44.2032,57.9044
GFDL-CM4,uae,hist,1996,11.1433,2.7341
GFDL-CM4,uae,hist,1997,19.6272,8.2358
GFDL-CM4,uae,hist,1998,12.9704,2.448
GFDL-CM4,uae,hist,1999,14.6465,1.3137
GFDL-CM4,uae,hist,2000,23.086,18.7145
GFDL-CM4,uae,hist,2001,9.7098,0.4583
GFDL-CM4,uae,hist,2002,14.5592,4.4544
GFDL-CM4,uae,hist,2003,10.5674,1.0826
GFDL-CM4,uae,hist,2004,22.3794,11.62
GFDL-CM4,uae,hist,2005,18.9739,9.9693
GFDL-CM4,uae,hist,2006,17.1942,2.987
GFDL-CM4,uae,hist,2007,13.3775,0.9344
GFDL-CM4,uae,hist,2008,16.047,4.2963
GFDL-CM4,uae,hist,2009,19.5279,10.9278
GFDL-CM4,uae,hist,2010,30.2436,27.0686
GFDL-CM4,uae,hist,2011,15.1728,8.5224
GFDL-CM4,uae,hist,2012,15.0832,4.1901
GFDL-CM4,uae,hist,2013,9.3868,0.923
GFDL-CM4,uae,hist,2014,23.5791,12.9706
GFDL-CM4,uae,fut,2076,24.6094,15.003
GFDL-CM4,uae,fut,2077,21.3142,10.2647
GFDL-CM4,uae,fut,2078,11.5651,1.4186
GFDL-CM4,uae,fut,2079,2.4504,0.0
GFDL-CM4,uae,fut,2080,12.9718,5.1502
GFDL-CM4,uae,fut,2081,26.1418,24.0985
GFDL-CM4,uae,fut,2082,7.5067,0.2799
GFDL-CM4,uae,fut,2083,36.1106,35.8892
GFDL-CM4,uae,fut,2084,7.6511,0.6104
GFDL-CM4,uae,fut,2085,16.1007,7.0064
GFDL-CM4,uae,fut,2086,36.6294,26.8118
GFDL-CM4,uae,fut,2087,2.9607,0.0
GFDL-CM4,uae,fut,2088,36.0804,51.4711
GFDL-CM4,uae,fut,2089,8.0019,1.0844
GFDL-CM4,uae,fut,2090,19.5847,9.1908
GFDL-CM4,uae,fut,2091,27.8428,17.6124
GFDL-CM4,uae,fut,2092,3.9044,0.0
GFDL-CM4,uae,fut,2093,28.1394,22.8005
GFDL-CM4,uae,fut,2094,4.9982,0.7237
GFDL-CM4,uae,fut,2095,22.2947,16.2892
GFDL-CM4,uae,fut,2096,15.4675,10.3974
GFDL-CM4,uae,fut,2097,33.7371,51.3061
GFDL-CM4,uae,fut,2098,23.3473,15.5506
GFDL-CM4,uae,fut,2099,29.4109,27.4286
GFDL-CM4,uae,fut,2100,32.9707,39.7025
GFDL-CM4,east,hist,1990,23.0147,7.597
GFDL-CM4,east,hist,1991,24.3563,22.2241
GFDL-CM4,east,hist,1992,28.7216,24.5687
GFDL-CM4,east,hist,1993,5.1223,0.0
GFDL-CM4,east,hist,1994,12.7241,0.0
GFDL-CM4,east,hist,1995,65.2797,118.3532
GFDL-CM4,east,hist,1996,22.5649,11.0112
GFDL-CM4,east,hist,1997,22.088,4.6333
GFDL-CM4,east,hist,1998,7.427,0.0
GFDL-CM4,east,hist,1999,16.5236,0.0
GFDL-CM4,east,hist,2000,31.5843,44.6942
GFDL-CM4,east,hist,2001,11.6474,0.0
GFDL-CM4,east,hist,2002,31.8892,25.6354
GFDL-CM4,east,hist,2003,15.0574,4.3659
GFDL-CM4,east,hist,2004,20.9073,6.0799
GFDL-CM4,east,hist,2005,24.5663,10.4759
GFDL-CM4,east,hist,2006,21.1929,5.0812
GFDL-CM4,east,hist,2007,16.1942,0.8193
GFDL-CM4,east,hist,2008,25.2051,14.881
GFDL-CM4,east,hist,2009,24.4419,14.8218
GFDL-CM4,east,hist,2010,42.1822,54.0095
GFDL-CM4,east,hist,2011,39.1543,46.7909
GFDL-CM4,east,hist,2012,32.2146,28.4763
GFDL-CM4,east,hist,2013,13.4836,0.0
GFDL-CM4,east,hist,2014,28.8427,27.9639
GFDL-CM4,east,fut,2076,34.6343,44.9032
GFDL-CM4,east,fut,2077,46.0596,42.2213
GFDL-CM4,east,fut,2078,11.1411,0.0
GFDL-CM4,east,fut,2079,4.1931,0.0
GFDL-CM4,east,fut,2080,12.7877,0.0
GFDL-CM4,east,fut,2081,41.472,85.3072
GFDL-CM4,east,fut,2082,11.0896,1.645
GFDL-CM4,east,fut,2083,50.6159,47.5646
GFDL-CM4,east,fut,2084,8.5956,0.0
GFDL-CM4,east,fut,2085,30.8795,30.0191
GFDL-CM4,east,fut,2086,46.2662,40.2922
GFDL-CM4,east,fut,2087,5.0166,0.0
GFDL-CM4,east,fut,2088,44.6252,135.4255
GFDL-CM4,east,fut,2089,13.6922,1.7718
GFDL-CM4,east,fut,2090,36.4956,40.0684
GFDL-CM4,east,fut,2091,40.4954,35.7856
GFDL-CM4,east,fut,2092,6.5057,0.0
GFDL-CM4,east,fut,2093,46.185,63.6618
GFDL-CM4,east,fut,2094,2.8207,0.0
GFDL-CM4,east,fut,2095,50.0043,105.257
GFDL-CM4,east,fut,2096,11.2091,0.0
GFDL-CM4,east,fut,2097,45.2946,114.4279
GFDL-CM4,east,fut,2098,43.0781,70.3054
GFDL-CM4,east,fut,2099,40.3365,57.8434
GFDL-CM4,east,fut,2100,45.485,81.3921
GFDL-CM4_gr2,uae,hist,1990,22.536,17.519
GFDL-CM4_gr2,uae,hist,1991,11.0905,2.8396
GFDL-CM4_gr2,uae,hist,1992,16.7437,10.1322
GFDL-CM4_gr2,uae,hist,1993,6.4783,0.5089
GFDL-CM4_gr2,uae,hist,1994,4.6394,0.0
GFDL-CM4_gr2,uae,hist,1995,42.8699,62.4665
GFDL-CM4_gr2,uae,hist,1996,10.174,2.97
GFDL-CM4_gr2,uae,hist,1997,16.0483,7.1418
GFDL-CM4_gr2,uae,hist,1998,10.7557,0.6158
GFDL-CM4_gr2,uae,hist,1999,12.158,0.7419
GFDL-CM4_gr2,uae,hist,2000,19.906,15.6824
GFDL-CM4_gr2,uae,hist,2001,9.5809,1.9344
GFDL-CM4_gr2,uae,hist,2002,11.7333,2.905
GFDL-CM4_gr2,uae,hist,2003,8.5309,0.892
GFDL-CM4_gr2,uae,hist,2004,19.4981,11.6052
GFDL-CM4_gr2,uae,hist,2005,16.2918,10.0404
GFDL-CM4_gr2,uae,hist,2006,15.3117,4.9092
GFDL-CM4_gr2,uae,hist,2007,11.0977,0.7523
GFDL-CM4_gr2,uae,hist,2008,14.0803,4.9043
GFDL-CM4_gr2,uae,hist,2009,15.5646,9.3192
GFDL-CM4_gr2,uae,hist,2010,25.4203,25.0371
GFDL-CM4_gr2,uae,hist,2011,14.3667,7.8671
GFDL-CM4_gr2,uae,hist,2012,13.3532,3.7178
GFDL-CM4_gr2,uae,hist,2013,7.8038,0.3068
GFDL-CM4_gr2,uae,hist,2014,21.0012,12.6003
GFDL-CM4_gr2,uae,fut,2076,19.7291,12.3467
GFDL-CM4_gr2,uae,fut,2077,18.0309,8.5528
GFDL-CM4_gr2,uae,fut,2078,9.8898,1.9905
GFDL-CM4_gr2,uae,fut,2079,2.5142,0.0
GFDL-CM4_gr2,uae,fut,2080,9.7769,2.7325
GFDL-CM4_gr2,uae,fut,2081,22.2123,23.2692
GFDL-CM4_gr2,uae,fut,2082,6.1822,0.2078
GFDL-CM4_gr2,uae,fut,2083,30.1332,37.8045
GFDL-CM4_gr2,uae,fut,2084,8.5781,1.1478
GFDL-CM4_gr2,uae,fut,2085,14.598,6.5874
GFDL-CM4_gr2,uae,fut,2086,38.5213,29.6663
GFDL-CM4_gr2,uae,fut,2087,2.4333,0.0
GFDL-CM4_gr2,uae,fut,2088,32.5491,45.9227
GFDL-CM4_gr2,uae,fut,2089,6.8517,1.3609
GFDL-CM4_gr2,uae,fut,2090,17.5498,8.3935
GFDL-CM4_gr2,uae,fut,2091,23.1643,16.8301
GFDL-CM4_gr2,uae,fut,2092,3.7635,0.2931
GFDL-CM4_gr2,uae,fut,2093,21.7667,18.3527
GFDL-CM4_gr2,uae,fut,2094,4.5876,0.5108
GFDL-CM4_gr2,uae,fut,2095,18.2359,16.6022
GFDL-CM4_gr2,uae,fut,2096,12.908,6.8868
GFDL-CM4_gr2,uae,fut,2097,32.5967,51.5477
GFDL-CM4_gr2,uae,fut,2098,18.9348,13.341
GFDL-CM4_gr2,uae,fut,2099,25.4154,27.2856
GFDL-CM4_gr2,uae,fut,2100,30.8399,41.375
GFDL-CM4_gr2,east,hist,1990,20.1377,6.828
GFDL-CM4_gr2,east,hist,1991,20.639,10.8307
GFDL-CM4_gr2,east,hist,1992,29.5138,27.0543
GFDL-CM4_gr2,east,hist,1993,4.9774,0.0
GFDL-CM4_gr2,east,hist,1994,9.9582,0.0
GFDL-CM4_gr2,east,hist,1995,54.8461,127.228
GFDL-CM4_gr2,east,hist,1996,20.7625,9.623
GFDL-CM4_gr2,east,hist,1997,18.8783,1.0504
GFDL-CM4_gr2,east,hist,1998,6.7827,0.0
GFDL-CM4_gr2,east,hist,1999,13.4581,0.0
GFDL-CM4_gr2,east,hist,2000,30.1809,45.5787
GFDL-CM4_gr2,east,hist,2001,11.3836,0.0
GFDL-CM4_gr2,east,hist,2002,23.8931,18.9743
GFDL-CM4_gr2,east,hist,2003,13.9762,4.3484
GFDL-CM4_gr2,east,hist,2004,22.3035,18.0379
GFDL-CM4_gr2,east,hist,2005,21.1273,11.5289
GFDL-CM4_gr2,east,hist,2006,20.9397,10.4988
GFDL-CM4_gr2,east,hist,2007,14.0075,1.4304
GFDL-CM4_gr2,east,hist,2008,30.8307,27.2507
GFDL-CM4_gr2,east,hist,2009,22.1353,16.7373
GFDL-CM4_gr2,east,hist,2010,34.0933,60.3936
GFDL-CM4_gr2,east,hist,2011,37.0584,38.4728
GFDL-CM4_gr2,east,hist,2012,28.2465,20.049
GFDL-CM4_gr2,east,hist,2013,10.2802,0.0
GFDL-CM4_gr2,east,hist,2014,22.8292,20.8016
GFDL-CM4_gr2,east,fut,2076,31.3818,37.6134
GFDL-CM4_gr2,east,fut,2077,41.1767,40.9169
GFDL-CM4_gr2,east,fut,2078,9.6405,0.0
GFDL-CM4_gr2,east,fut,2079,3.654,0.0
GFDL-CM4_gr2,east,fut,2080,10.0945,0.0
GFDL-CM4_gr2,east,fut,2081,36.6942,79.9873
GFDL-CM4_gr2,east,fut,2082,10.3873,1.4081
GFDL-CM4_gr2,east,fut,2083,46.0997,48.7266
GFDL-CM4_gr2,east,fut,2084,7.2133,0.0
GFDL-CM4_gr2,east,fut,2085,27.8162,28.2461
GFDL-CM4_gr2,east,fut,2086,46.903,41.7578
GFDL-CM4_gr2,east,fut,2087,4.7136,0.0
GFDL-CM4_gr2,east,fut,2088,46.6093,125.8269
GFDL-CM4_gr2,east,fut,2089,10.8004,0.0
GFDL-CM4_gr2,east,fut,2090,33.4132,30.6287
GFDL-CM4_gr2,east,fut,2091,32.7185,28.9673
GFDL-CM4_gr2,east,fut,2092,5.9317,0.0
GFDL-CM4_gr2,east,fut,2093,42.4149,64.4342
GFDL-CM4_gr2,east,fut,2094,4.2189,0.0
GFDL-CM4_gr2,east,fut,2095,42.5918,101.1281
GFDL-CM4_gr2,east,fut,2096,8.8908,0.0
GFDL-CM4_gr2,east,fut,2097,49.703,139.3281
GFDL-CM4_gr2,east,fut,2098,39.4911,64.5369
GFDL-CM4_gr2,east,fut,2099,32.3768,36.4099
GFDL-CM4_gr2,east,fut,2100,45.8561,83.8807
GFDL-ESM4,uae,hist,1990,35.7464,46.3675
GFDL-ESM4,uae,hist,1991,17.5342,6.6056
GFDL-ESM4,uae,hist,1992,10.0593,0.0954
GFDL-ESM4,uae,hist,1993,24.2908,27.2828
GFDL-ESM4,uae,hist,1994,3.5505,0.0
GFDL-ESM4,uae,hist,1995,16.1723,7.6694
GFDL-ESM4,uae,hist,1996,12.9166,3.2585
GFDL-ESM4,uae,hist,1997,7.1866,0.3151
GFDL-ESM4,uae,hist,1998,14.4156,5.0008
GFDL-ESM4,uae,hist,1999,18.4688,5.8413
GFDL-ESM4,uae,hist,2000,16.2318,4.494
GFDL-ESM4,uae,hist,2001,24.9672,21.17
GFDL-ESM4,uae,hist,2002,16.7771,7.6408
GFDL-ESM4,uae,hist,2003,22.5666,11.2003
GFDL-ESM4,uae,hist,2004,26.7613,15.3135
GFDL-ESM4,uae,hist,2005,13.3218,2.479
GFDL-ESM4,uae,hist,2006,9.2583,1.7666
GFDL-ESM4,uae,hist,2007,26.8865,21.762
GFDL-ESM4,uae,hist,2008,17.9486,6.1873
GFDL-ESM4,uae,hist,2009,22.4129,17.3736
GFDL-ESM4,uae,hist,2010,14.7348,1.6317
GFDL-ESM4,uae,hist,2011,8.9352,1.493
GFDL-ESM4,uae,hist,2012,8.6023,0.0451
GFDL-ESM4,uae,hist,2013,18.3838,8.3164
GFDL-ESM4,uae,hist,2014,2.7752,0.0
GFDL-ESM4,uae,fut,2076,29.2671,34.1832
GFDL-ESM4,uae,fut,2077,19.0114,7.7509
GFDL-ESM4,uae,fut,2078,22.5849,16.9342
GFDL-ESM4,uae,fut,2079,6.6805,0.1375
GFDL-ESM4,uae,fut,2080,3.7728,0.4976
GFDL-ESM4,uae,fut,2081,10.6663,1.6982
GFDL-ESM4,uae,fut,2082,32.2071,84.1654
GFDL-ESM4,uae,fut,2083,6.446,0.3086
GFDL-ESM4,uae,fut,2084,9.0095,1.0523
GFDL-ESM4,uae,fut,2085,9.1516,2.405
GFDL-ESM4,uae,fut,2086,8.8472,1.6696
GFDL-ESM4,uae,fut,2087,3.3632,0.1339
GFDL-ESM4,uae,fut,2088,10.1972,1.5664
GFDL-ESM4,uae,fut,2089,35.2943,83.5783
GFDL-ESM4,uae,fut,2090,18.208,6.6468
GFDL-ESM4,uae,fut,2091,28.6173,27.9452
GFDL-ESM4,uae,fut,2092,16.846,5.1066
GFDL-ESM4,uae,fut,2093,19.2915,9.6422
GFDL-ESM4,uae,fut,2094,14.9621,5.3261
GFDL-ESM4,uae,fut,2095,5.7267,0.0
GFDL-ESM4,uae,fut,2096,17.1051,5.3555
GFDL-ESM4,uae,fut,2097,17.2708,6.1714
GFDL-ESM4,uae,fut,2098,14.7938,1.9079
GFDL-ESM4,uae,fut,2099,5.1017,1.0487
GFDL-ESM4,uae,fut,2100,0.0,0.0
GFDL-ESM4,east,hist,1990,64.8941,105.2641
GFDL-ESM4,east,hist,1991,26.9468,29.7392
GFDL-ESM4,east,hist,1992,18.7819,0.0
GFDL-ESM4,east,hist,1993,45.3024,129.4226
GFDL-ESM4,east,hist,1994,4.5623,0.0
GFDL-ESM4,east,hist,1995,31.7578,25.0594
GFDL-ESM4,east,hist,1996,20.6587,8.9603
GFDL-ESM4,east,hist,1997,14.7686,0.0
GFDL-ESM4,east,hist,1998,30.3257,45.8344
GFDL-ESM4,east,hist,1999,20.8186,4.22
GFDL-ESM4,east,hist,2000,21.9142,8.2272
GFDL-ESM4,east,hist,2001,28.7502,25.3112
GFDL-ESM4,east,hist,2002,34.7542,46.343
GFDL-ESM4,east,hist,2003,26.4046,12.7023
GFDL-ESM4,east,hist,2004,21.8607,10.2475
GFDL-ESM4,east,hist,2005,16.0291,0.0
GFDL-ESM4,east,hist,2006,8.1197,0.0
GFDL-ESM4,east,hist,2007,31.0091,28.3327
GFDL-ESM4,east,hist,2008,17.7969,0.0
GFDL-ESM4,east,hist,2009,22.4066,18.9858
GFDL-ESM4,east,hist,2010,17.0801,0.0
GFDL-ESM4,east,hist,2011,8.83,0.0
GFDL-ESM4,east,hist,2012,16.0169,0.0
GFDL-ESM4,east,hist,2013,27.7084,25.7627
GFDL-ESM4,east,hist,2014,3.3959,0.0
GFDL-ESM4,east,fut,2076,46.2891,95.2697
GFDL-ESM4,east,fut,2077,27.1805,27.3224
GFDL-ESM4,east,fut,2078,31.612,35.7794
GFDL-ESM4,east,fut,2079,10.5223,0.0
GFDL-ESM4,east,fut,2080,6.669,0.0
GFDL-ESM4,east,fut,2081,19.434,4.2444
GFDL-ESM4,east,fut,2082,38.5091,126.0741
GFDL-ESM4,east,fut,2083,13.074,3.9347
GFDL-ESM4,east,fut,2084,9.1541,0.0
GFDL-ESM4,east,fut,2085,16.896,3.6851
GFDL-ESM4,east,fut,2086,7.5136,0.0
GFDL-ESM4,east,fut,2087,12.3741,0.763
GFDL-ESM4,east,fut,2088,12.9591,2.976
GFDL-ESM4,east,fut,2089,49.6719,160.603
GFDL-ESM4,east,fut,2090,14.4633,0.0
GFDL-ESM4,east,fut,2091,41.0757,59.7981
GFDL-ESM4,east,fut,2092,14.3569,0.8148
GFDL-ESM4,east,fut,2093,34.4706,34.6761
GFDL-ESM4,east,fut,2094,9.3167,0.0
GFDL-ESM4,east,fut,2095,7.0935,0.0
GFDL-ESM4,east,fut,2096,26.4288,19.2998
GFDL-ESM4,east,fut,2097,31.3855,23.6753
GFDL-ESM4,east,fut,2098,22.2323,6.9042
GFDL-ESM4,east,fut,2099,15.3988,1.8225
GFDL-ESM4,east,fut,2100,0.0,0.0
GFDL-ESM41,uae,hist,1990,35.7464,46.3518
GFDL-ESM41,uae,hist,1991,17.5342,6.5664
GFDL-ESM41,uae,hist,1992,10.0593,0.0902
GFDL-ESM41,uae,hist,1993,24.2908,26.965
GFDL-ESM41,uae,hist,1994,3.5505,0.0
GFDL-ESM41,uae,hist,1995,16.1723,7.711
GFDL-ESM41,uae,hist,1996,12.9166,3.1147
GFDL-ESM41,uae,hist,1997,7.1866,0.3934
GFDL-ESM41,uae,hist,1998,14.4156,5.3015
GFDL-ESM41,uae,hist,1999,18.4688,5.7792
GFDL-ESM41,uae,hist,2000,16.2318,4.465
GFDL-ESM41,uae,hist,2001,24.9672,21.6345
GFDL-ESM41,uae,hist,2002,16.7771,7.6363
GFDL-ESM41,uae,hist,2003,22.5666,11.2136
GFDL-ESM41,uae,hist,2004,26.7613,15.2518
GFDL-ESM41,uae,hist,2005,13.3218,2.3909
GFDL-ESM41,uae,hist,2006,9.2583,1.7003
GFDL-ESM41,uae,hist,2007,26.8865,22.0287
GFDL-ESM41,uae,hist,2008,17.9486,5.8741
GFDL-ESM41,uae,hist,2009,12.0935,7.0687
GFDL-ESM41,uae,hist,2010,9.9532,0.7815
GFDL-ESM41,uae,hist,2011,8.9352,1.5218
GFDL-ESM41,uae,hist,2012,8.6023,0.0451
GFDL-ESM41,uae,hist,2013,18.3838,8.3655
GFDL-ESM41,uae,hist,2014,2.7752,0.0
GFDL-ESM41,uae,fut,2076,29.2671,33.6983
GFDL-ESM41,uae,fut,2077,19.0114,7.9646
GFDL-ESM41,uae,fut,2078,22.5849,17.3661
GFDL-ESM41,uae,fut,2079,6.6805,0.1375
GFDL-ESM41,uae,fut,2080,3.7728,0.4976
GFDL-ESM41,uae,fut,2081,10.6663,1.5884
GFDL-ESM41,uae,fut,2082,32.2071,83.7479
GFDL-ESM41,uae,fut,2083,6.446,0.3086
GFDL-ESM41,uae,fut,2084,9.0095,1.0523
GFDL-ESM41,uae,fut,2085,9.1516,2.3677
GFDL-ESM41,uae,fut,2086,8.8472,1.6807
GFDL-ESM41,uae,fut,2087,14.9644,5.7392
GFDL-ESM41,uae,fut,2088,15.867,2.8789
GFDL-ESM41,uae,fut,2089,35.2943,84.235
GFDL-ESM41,uae,fut,2090,18.208,6.7347
GFDL-ESM41,uae,fut,2091,28.6173,28.0034
GFDL-ESM41,uae,fut,2092,16.846,5.0981
GFDL-ESM41,uae,fut,2093,19.2915,10.1184
GFDL-ESM41,uae,fut,2094,14.9621,4.9721
GFDL-ESM41,uae,fut,2095,5.7267,0.0
GFDL-ESM41,uae,fut,2096,17.1051,5.5493
GFDL-ESM41,uae,fut,2097,17.2708,6.26
GFDL-ESM41,uae,fut,2098,14.7938,1.8812
GFDL-ESM41,uae,fut,2099,18.6909,7.8527
GFDL-ESM41,uae,fut,2100,11.168,1.5933
GFDL-ESM41,east,hist,1990,64.8941,106.3756
GFDL-ESM41,east,hist,1991,26.9468,28.5973
GFDL-ESM41,east,hist,1992,18.7819,0.0
GFDL-ESM41,east,hist,1993,45.3024,128.5315
GFDL-ESM41,east,hist,1994,4.5623,0.0
GFDL-ESM41,east,hist,1995,31.7578,25.0594
GFDL-ESM41,east,hist,1996,20.6587,8.9603
GFDL-ESM41,east,hist,1997,14.7686,0.0
GFDL-ESM41,east,hist,1998,30.3257,45.8344
GFDL-ESM41,east,hist,1999,20.8186,3.1182
GFDL-ESM41,east,hist,2000,21.9142,7.2074
GFDL-ESM41,east,hist,2001,28.7502,25.6204
GFDL-ESM41,east,hist,2002,34.7542,46.343
GFDL-ESM41,east,hist,2003,26.4046,12.7023
GFDL-ESM41,east,hist,2004,21.8607,10.2475
GFDL-ESM41,east,hist,2005,16.0291,0.0
GFDL-ESM41,east,hist,2006,8.1197,0.0
GFDL-ESM41,east,hist,2007,31.0091,28.3327
GFDL-ESM41,east,hist,2008,17.7969,0.0
GFDL-ESM41,east,hist,2009,16.7733,3.6203
GFDL-ESM41,east,hist,2010,15.6567,0.0
GFDL-ESM41,east,hist,2011,8.83,0.0
GFDL-ESM41,east,hist,2012,16.0169,0.0
GFDL-ESM41,east,hist,2013,27.7084,25.7627
GFDL-ESM41,east,hist,2014,3.3959,0.0
GFDL-ESM41,east,fut,2076,46.2891,95.2697
GFDL-ESM41,east,fut,2077,27.1805,26.4254
GFDL-ESM41,east,fut,2078,31.612,37.8745
GFDL-ESM41,east,fut,2079,10.5223,0.0
GFDL-ESM41,east,fut,2080,6.669,0.0
GFDL-ESM41,east,fut,2081,19.434,3.4889
GFDL-ESM41,east,fut,2082,38.5091,126.0741
GFDL-ESM41,east,fut,2083,13.074,3.9347
GFDL-ESM41,east,fut,2084,9.1541,0.0
GFDL-ESM41,east,fut,2085,16.896,2.789
GFDL-ESM41,east,fut,2086,7.5136,0.0
GFDL-ESM41,east,fut,2087,28.26,20.201
GFDL-ESM41,east,fut,2088,23.0432,15.2136
GFDL-ESM41,east,fut,2089,49.6719,159.8559
GFDL-ESM41,east,fut,2090,14.4633,0.0
GFDL-ESM41,east,fut,2091,41.0757,58.8051
GFDL-ESM41,east,fut,2092,14.3569,0.8148
GFDL-ESM41,east,fut,2093,34.4706,34.6761
GFDL-ESM41,east,fut,2094,9.3167,0.0
GFDL-ESM41,east,fut,2095,7.0935,0.0
GFDL-ESM41,east,fut,2096,26.4288,18.6595
GFDL-ESM41,east,fut,2097,31.3855,23.9267
GFDL-ESM41,east,fut,2098,22.2323,6.9042
GFDL-ESM41,east,fut,2099,22.2989,4.8945
GFDL-ESM41,east,fut,2100,12.006,0.922
GISS-E2-1-G,uae,hist,1990,15.7626,9.2436
GISS-E2-1-G,uae,hist,1991,15.3571,10.1451
GISS-E2-1-G,uae,hist,1992,12.613,4.8697
GISS-E2-1-G,uae,hist,1993,23.0489,29.1657
GISS-E2-1-G,uae,hist,1994,15.7023,4.8805
GISS-E2-1-G,uae,hist,1995,3.707,0.0
GISS-E2-1-G,uae,hist,1996,8.0806,0.3684
GISS-E2-1-G,uae,hist,1997,19.5718,11.7938
GISS-E2-1-G,uae,hist,1998,7.2351,0.0
GISS-E2-1-G,uae,hist,1999,5.0447,0.2434
GISS-E2-1-G,uae,hist,2000,13.2293,4.0579
GISS-E2-1-G,uae,hist,2001,13.2952,4.2596
GISS-E2-1-G,uae,hist,2002,14.882,4.3497
GISS-E2-1-G,uae,hist,2003,8.0729,0.6285
GISS-E2-1-G,uae,hist,2004,2.4777,0.0
GISS-E2-1-G,uae,hist,2005,10.938,0.565
GISS-E2-1-G,uae,hist,2006,21.0074,14.1915
GISS-E2-1-G,uae,hist,2007,24.3194,29.6055
GISS-E2-1-G,uae,hist,2008,26.1943,36.3128
GISS-E2-1-G,uae,hist,2009,15.6483,6.1249
GISS-E2-1-G,uae,hist,2010,8.4498,0.4949
GISS-E2-1-G,uae,hist,2011,15.6316,8.0358
GISS-E2-1-G,uae,hist,2012,17.7769,10.6733
GISS-E2-1-G,uae,hist,2013,18.7474,13.516
GISS-E2-1-G,uae,hist,2014,9.1945,3.2589
GISS-E2-1-G,uae,fut,2076,4.6565,0.0
GISS-E2-1-G,uae,fut,2077,23.1451,14.7736
GISS-E2-1-G,uae,fut,2078,7.6539,1.0235
GISS-E2-1-G,uae,fut,2079,7.8665,0.0386
GISS-E2-1-G,uae,fut,2080,4.4169,0.029
GISS-E2-1-G,uae,fut,2081,7.8161,0.0
GISS-E2-1-G,uae,fut,2082,13.4061,3.4548
GISS-E2-1-G,uae,fut,2083,7.9219,0.5706
GISS-E2-1-G,uae,fut,2084,3.498,0.0
GISS-E2-1-G,uae,fut,2085,13.3317,4.1849
GISS-E2-1-G,uae,fut,2086,6.248,0.0393
GISS-E2-1-G,uae,fut,2087,21.3256,18.857
GISS-E2-1-G,uae,fut,2088,17.721,14.2418
GISS-E2-1-G,uae,fut,2089,19.9073,12.3715
GISS-E2-1-G,uae,fut,2090,14.3105,5.9055
GISS-E2-1-G,uae,fut,2091,18.7606,20.1516
GISS-E2-1-G,uae,fut,2092,6.373,0.6152
GISS-E2-1-G,uae,fut,2093,9.1459,0.5973
GISS-E2-1-G,uae,fut,2094,10.3596,2.3641
GISS-E2-1-G,uae,fut,2095,10.5537,1.5713
GISS-E2-1-G,uae,fut,2096,15.3408,13.5101
GISS-E2-1-G,uae,fut,2097,9.8247,1.9395
GISS-E2-1-G,uae,fut,2098,5.4325,0.359
GISS-E2-1-G,uae,fut,2099,3.6202,0.0
GISS-E2-1-G,uae,fut,2100,8.2529,0.2683
GISS-E2-1-G,east,hist,1990,16.5652,0.0
GISS-E2-1-G,east,hist,1991,34.071,56.1223
GISS-E2-1-G,east,hist,1992,23.4272,14.0725
GISS-E2-1-G,east,hist,1993,29.5441,53.9915
GISS-E2-1-G,east,hist,1994,22.0711,11.6432
GISS-E2-1-G,east,hist,1995,5.5569,0.0
GISS-E2-1-G,east,hist,1996,9.0023,0.0
GISS-E2-1-G,east,hist,1997,41.7018,36.7081
GISS-E2-1-G,east,hist,1998,8.0289,0.0
GISS-E2-1-G,east,hist,1999,16.973,3.5649
GISS-E2-1-G,east,hist,2000,22.1526,16.0099
GISS-E2-1-G,east,hist,2001,26.2852,22.3779
GISS-E2-1-G,east,hist,2002,23.081,17.4308
GISS-E2-1-G,east,hist,2003,18.726,5.5009
GISS-E2-1-G,east,hist,2004,2.8234,0.0
GISS-E2-1-G,east,hist,2005,19.5561,9.3555
GISS-E2-1-G,east,hist,2006,36.3954,37.7395
GISS-E2-1-G,east,hist,2007,30.2576,37.8013
GISS-E2-1-G,east,hist,2008,28.635,44.5873
GISS-E2-1-G,east,hist,2009,36.0343,29.898
GISS-E2-1-G,east,hist,2010,17.0008,0.0
GISS-E2-1-G,east,hist,2011,22.5431,10.7169
GISS-E2-1-G,east,hist,2012,25.1925,25.7878
GISS-E2-1-G,east,hist,2013,28.3049,35.7661
GISS-E2-1-G,east,hist,2014,31.8212,26.0775
GISS-E2-1-G,east,fut,2076,5.495,0.0
GISS-E2-1-G,east,fut,2077,34.3621,31.4986
GISS-E2-1-G,east,fut,2078,10.2326,0.0
GISS-E2-1-G,east,fut,2079,17.1998,0.0
GISS-E2-1-G,east,fut,2080,4.9273,0.0
GISS-E2-1-G,east,fut,2081,13.6193,0.0
GISS-E2-1-G,east,fut,2082,18.3515,5.6567
GISS-E2-1-G,east,fut,2083,15.5227,0.0
GISS-E2-1-G,east,fut,2084,11.2261,0.0
GISS-E2-1-G,east,fut,2085,17.6636,0.8512
GISS-E2-1-G,east,fut,2086,14.8551,0.0
GISS-E2-1-G,east,fut,2087,23.9441,18.0407
GISS-E2-1-G,east,fut,2088,34.699,58.1515
GISS-E2-1-G,east,fut,2089,23.2263,15.6429
GISS-E2-1-G,east,fut,2090,23.9047,14.6028
GISS-E2-1-G,east,fut,2091,29.9966,54.0488
GISS-E2-1-G,east,fut,2092,4.1388,0.0
GISS-E2-1-G,east,fut,2093,18.4738,0.0
GISS-E2-1-G,east,fut,2094,11.6961,0.0
GISS-E2-1-G,east,fut,2095,17.8714,4.0462
GISS-E2-1-G,east,fut,2096,19.1624,4.4228
GISS-E2-1-G,east,fut,2097,21.387,9.9106
GISS-E2-1-G,east,fut,2098,13.3507,0.0
GISS-E2-1-G,east,fut,2099,5.3133,0.0
GISS-E2-1-G,east,fut,2100,13.9398,0.0
HadGEM3-GC31-LL,uae,hist,1990,24.3895,24.8213
HadGEM3-GC31-LL,uae,hist,1991,9.9229,1.4482
HadGEM3-GC31-LL,uae,hist,1992,12.1876,0.8848
HadGEM3-GC31-LL,uae,hist,1993,16.7922,9.9306
HadGEM3-GC31-LL,uae,hist,1994,19.3693,13.9549
HadGEM3-GC31-LL,uae,hist,1995,31.6108,21.8455
HadGEM3-GC31-LL,uae,hist,1996,19.8557,13.0159
HadGEM3-GC31-LL,uae,hist,1997,1.6374,0.0
HadGEM3-GC31-LL,uae,hist,1998,9.6012,2.687
HadGEM3-GC31-LL,uae,hist,1999,11.5155,0.7531
HadGEM3-GC31-LL,uae,hist,2000,12.9232,2.3993
HadGEM3-GC31-LL,uae,hist,2001,17.3994,8.2009
HadGEM3-GC31-LL,uae,hist,2002,31.0817,53.6144
HadGEM3-GC31-LL,uae,hist,2003,13.3527,3.5704
HadGEM3-GC31-LL,uae,hist,2004,30.4643,37.7865
HadGEM3-GC31-LL,uae,hist,2005,5.7029,0.0354
HadGEM3-GC31-LL,uae,hist,2006,18.0133,7.648
HadGEM3-GC31-LL,uae,hist,2007,16.1391,4.715
HadGEM3-GC31-LL,uae,hist,2008,5.1853,0.2423
HadGEM3-GC31-LL,uae,hist,2009,15.7131,4.8769
HadGEM3-GC31-LL,uae,hist,2010,9.5605,0.9799
HadGEM3-GC31-LL,uae,hist,2011,15.421,4.8638
HadGEM3-GC31-LL,uae,hist,2012,11.1905,0.8375
HadGEM3-GC31-LL,uae,hist,2013,4.2257,0.0
HadGEM3-GC31-LL,uae,hist,2014,17.3146,7.5484
HadGEM3-GC31-LL,uae,fut,2076,21.0382,19.0603
HadGEM3-GC31-LL,uae,fut,2077,6.7685,0.0
HadGEM3-GC31-LL,uae,fut,2078,18.0148,9.9399
HadGEM3-GC31-LL,uae,fut,2079,33.1548,104.3019
HadGEM3-GC31-LL,uae,fut,2080,4.0282,0.3276
HadGEM3-GC31-LL,uae,fut,2081,23.8549,25.2958
HadGEM3-GC31-LL,uae,fut,2082,22.8355,30.8499
HadGEM3-GC31-LL,uae,fut,2083,5.3752,0.0
HadGEM3-GC31-LL,uae,fut,2084,11.7776,2.6219
HadGEM3-GC31-LL,uae,fut,2085,23.2704,31.5529
HadGEM3-GC31-LL,uae,fut,2086,32.1699,68.6094
HadGEM3-GC31-LL,uae,fut,2087,12.8481,3.7574
HadGEM3-GC31-LL,uae,fut,2088,26.4381,23.3664
HadGEM3-GC31-LL,uae,fut,2089,32.0453,72.1684
HadGEM3-GC31-LL,uae,fut,2090,9.5482,0.1206
HadGEM3-GC31-LL,uae,fut,2091,24.6026,19.8893
HadGEM3-GC31-LL,uae,fut,2092,20.8503,16.758
HadGEM3-GC31-LL,uae,fut,2093,22.1174,24.2479
HadGEM3-GC31-LL,uae,fut,2094,23.7631,25.5578
HadGEM3-GC31-LL,uae,fut,2095,22.1005,26.9513
HadGEM3-GC31-LL,uae,fut,2096,12.6141,7.2435
HadGEM3-GC31-LL,uae,fut,2097,23.9416,23.5107
HadGEM3-GC31-LL,uae,fut,2098,20.778,16.5065
HadGEM3-GC31-LL,uae,fut,2099,15.9542,4.5656
HadGEM3-GC31-LL,uae,fut,2100,16.5649,7.6544
HadGEM3-GC31-LL,east,hist,1990,29.1623,49.3998
HadGEM3-GC31-LL,east,hist,1991,12.7995,0.733
HadGEM3-GC31-LL,east,hist,1992,17.8875,0.0
HadGEM3-GC31-LL,east,hist,1993,22.9271,13.4789
HadGEM3-GC31-LL,east,hist,1994,35.9978,62.0489
HadGEM3-GC31-LL,east,hist,1995,26.5637,18.5911
HadGEM3-GC31-LL,east,hist,1996,26.5047,41.1023
HadGEM3-GC31-LL,east,hist,1997,3.0148,0.0
HadGEM3-GC31-LL,east,hist,1998,18.3234,1.882
HadGEM3-GC31-LL,east,hist,1999,22.5387,11.1289
HadGEM3-GC31-LL,east,hist,2000,13.3026,0.0
HadGEM3-GC31-LL,east,hist,2001,27.7531,29.4567
HadGEM3-GC31-LL,east,hist,2002,33.082,109.8749
HadGEM3-GC31-LL,east,hist,2003,20.7476,11.5154
HadGEM3-GC31-LL,east,hist,2004,36.4604,65.6716
HadGEM3-GC31-LL,east,hist,2005,11.3639,0.0
HadGEM3-GC31-LL,east,hist,2006,22.1338,12.3625
HadGEM3-GC31-LL,east,hist,2007,21.3146,8.5965
HadGEM3-GC31-LL,east,hist,2008,13.8207,0.0
HadGEM3-GC31-LL,east,hist,2009,21.443,6.7758
HadGEM3-GC31-LL,east,hist,2010,12.2711,0.0
HadGEM3-GC31-LL,east,hist,2011,23.8692,18.789
HadGEM3-GC31-LL,east,hist,2012,20.1808,5.3008
HadGEM3-GC31-LL,east,hist,2013,3.829,0.0
HadGEM3-GC31-LL,east,hist,2014,26.225,20.5983
HadGEM3-GC31-LL,east,fut,2076,16.7738,2.4486
HadGEM3-GC31-LL,east,fut,2077,8.3664,0.0
HadGEM3-GC31-LL,east,fut,2078,19.7569,2.2494
HadGEM3-GC31-LL,east,fut,2079,43.258,142.9056
HadGEM3-GC31-LL,east,fut,2080,7.2379,0.7082
HadGEM3-GC31-LL,east,fut,2081,38.4505,82.5793
HadGEM3-GC31-LL,east,fut,2082,35.1666,96.5117
HadGEM3-GC31-LL,east,fut,2083,8.1682,0.0
HadGEM3-GC31-LL,east,fut,2084,11.4801,0.0
HadGEM3-GC31-LL,east,fut,2085,24.0137,13.5099
HadGEM3-GC31-LL,east,fut,2086,28.6777,53.7569
HadGEM3-GC31-LL,east,fut,2087,15.9403,2.213
HadGEM3-GC31-LL,east,fut,2088,30.9476,27.6224
HadGEM3-GC31-LL,east,fut,2089,34.2068,126.0139
HadGEM3-GC31-LL,east,fut,2090,13.2481,0.0
HadGEM3-GC31-LL,east,fut,2091,39.4256,43.6788
HadGEM3-GC31-LL,east,fut,2092,24.5874,22.2092
HadGEM3-GC31-LL,east,fut,2093,29.5597,37.3129
HadGEM3-GC31-LL,east,fut,2094,33.0931,76.5521
HadGEM3-GC31-LL,east,fut,2095,34.3258,78.5862
HadGEM3-GC31-LL,east,fut,2096,24.0364,28.8216
HadGEM3-GC31-LL,east,fut,2097,28.1953,25.8802
HadGEM3-GC31-LL,east,fut,2098,32.1806,71.5009
HadGEM3-GC31-LL,east,fut,2099,14.4917,0.0
HadGEM3-GC31-LL,east,fut,2100,30.2468,27.7262
HadGEM3-GC31-MM,uae,hist,1990,17.4421,6.1834
HadGEM3-GC31-MM,uae,hist,1991,24.5422,14.495
HadGEM3-GC31-MM,uae,hist,1992,12.2087,1.2769
HadGEM3-GC31-MM,uae,hist,1993,21.289,11.0372
HadGEM3-GC31-MM,uae,hist,1994,11.4626,1.9704
HadGEM3-GC31-MM,uae,hist,1995,2.4208,0.0
HadGEM3-GC31-MM,uae,hist,1996,25.8873,18.3019
HadGEM3-GC31-MM,uae,hist,1997,13.5568,4.0355
HadGEM3-GC31-MM,uae,hist,1998,17.7375,4.8983
HadGEM3-GC31-MM,uae,hist,1999,2.4501,0.0
HadGEM3-GC31-MM,uae,hist,2000,36.3082,26.7834
HadGEM3-GC31-MM,uae,hist,2001,11.9993,2.0963
HadGEM3-GC31-MM,uae,hist,2002,39.6392,42.0357
HadGEM3-GC31-MM,uae,hist,2003,5.0894,0.1977
HadGEM3-GC31-MM,uae,hist,2004,9.4353,2.6053
HadGEM3-GC31-MM,uae,hist,2005,3.6364,0.0
HadGEM3-GC31-MM,uae,hist,2006,23.1562,10.6815
HadGEM3-GC31-MM,uae,hist,2007,18.5806,9.8054
HadGEM3-GC31-MM,uae,hist,2008,18.6807,11.3697
HadGEM3-GC31-MM,uae,hist,2009,18.3574,8.7385
HadGEM3-GC31-MM,uae,hist,2010,2.8809,0.4428
HadGEM3-GC31-MM,uae,hist,2011,12.6749,3.2797
HadGEM3-GC31-MM,uae,hist,2012,11.9478,2.6948
HadGEM3-GC31-MM,uae,hist,2013,16.5446,4.7303
HadGEM3-GC31-MM,uae,hist,2014,0.5507,0.0
HadGEM3-GC31-MM,uae,fut,2076,23.9353,15.8384
HadGEM3-GC31-MM,uae,fut,2077,32.5389,59.7895
HadGEM3-GC31-MM,uae,fut,2078,5.0238,0.8245
HadGEM3-GC31-MM,uae,fut,2079,7.2238,1.4842
HadGEM3-GC31-MM,uae,fut,2080,23.7293,16.6935
HadGEM3-GC31-MM,uae,fut,2081,30.7924,31.0546
HadGEM3-GC31-MM,uae,fut,2082,5.4473,1.3448
HadGEM3-GC31-MM,uae,fut,2083,24.8699,19.9808
HadGEM3-GC31-MM,uae,fut,2084,24.8341,24.754
HadGEM3-GC31-MM,uae,fut,2085,14.0398,5.4177
HadGEM3-GC31-MM,uae,fut,2086,44.6537,58.5655
HadGEM3-GC31-MM,uae,fut,2087,32.349,36.0174
HadGEM3-GC31-MM,uae,fut,2088,25.2465,19.5471
HadGEM3-GC31-MM,uae,fut,2089,6.3948,0.1426
HadGEM3-GC31-MM,uae,fut,2090,33.8197,49.5334
HadGEM3-GC31-MM,uae,fut,2091,25.4087,14.4107
HadGEM3-GC31-MM,uae,fut,2092,3.9577,0.1068
HadGEM3-GC31-MM,uae,fut,2093,37.4569,78.9187
HadGEM3-GC31-MM,uae,fut,2094,24.6638,31.2088
HadGEM3-GC31-MM,uae,fut,2095,18.1804,11.9755
HadGEM3-GC31-MM,uae,fut,2096,26.3358,26.3389
HadGEM3-GC31-MM,uae,fut,2097,36.2091,33.9145
HadGEM3-GC31-MM,uae,fut,2098,17.274,6.3007
HadGEM3-GC31-MM,uae,fut,2099,9.0652,1.3234
HadGEM3-GC31-MM,uae,fut,2100,37.0526,56.5714
HadGEM3-GC31-MM,east,hist,1990,25.4507,12.773
HadGEM3-GC31-MM,east,hist,1991,35.4631,34.9266
HadGEM3-GC31-MM,east,hist,1992,12.3799,0.0
HadGEM3-GC31-MM,east,hist,1993,24.5606,14.3707
HadGEM3-GC31-MM,east,hist,1994,24.7321,17.2818
HadGEM3-GC31-MM,east,hist,1995,6.1443,0.0
HadGEM3-GC31-MM,east,hist,1996,40.4275,63.5407
HadGEM3-GC31-MM,east,hist,1997,26.5123,23.0974
HadGEM3-GC31-MM,east,hist,1998,31.1773,25.4529
HadGEM3-GC31-MM,east,hist,1999,4.6551,0.0
HadGEM3-GC31-MM,east,hist,2000,47.0263,44.3007
HadGEM3-GC31-MM,east,hist,2001,22.4203,9.4775
HadGEM3-GC31-MM,east,hist,2002,47.2154,73.9442
HadGEM3-GC31-MM,east,hist,2003,14.2685,0.0
HadGEM3-GC31-MM,east,hist,2004,12.2052,0.0
HadGEM3-GC31-MM,east,hist,2005,4.5894,0.0
HadGEM3-GC31-MM,east,hist,2006,18.2493,0.0
HadGEM3-GC31-MM,east,hist,2007,35.171,36.6655
HadGEM3-GC31-MM,east,hist,2008,24.636,21.572
HadGEM3-GC31-MM,east,hist,2009,24.322,16.181
HadGEM3-GC31-MM,east,hist,2010,2.3704,0.0
HadGEM3-GC31-MM,east,hist,2011,14.7244,1.1422
HadGEM3-GC31-MM,east,hist,2012,18.7037,5.0285
HadGEM3-GC31-MM,east,hist,2013,23.364,11.3364
HadGEM3-GC31-MM,east,hist,2014,0.581,0.0
HadGEM3-GC31-MM,east,fut,2076,40.0203,64.436
HadGEM3-GC31-MM,east,fut,2077,44.641,139.74
HadGEM3-GC31-MM,east,fut,2078,8.8849,0.0
HadGEM3-GC31-MM,east,fut,2079,19.4566,10.2432
HadGEM3-GC31-MM,east,fut,2080,33.0331,50.8954
HadGEM3-GC31-MM,east,fut,2081,41.9504,93.0617
HadGEM3-GC31-MM,east,fut,2082,14.583,10.2888
HadGEM3-GC31-MM,east,fut,2083,34.0954,52.6095
HadGEM3-GC31-MM,east,fut,2084,33.258,71.7972
HadGEM3-GC31-MM,east,fut,2085,12.4952,4.725
HadGEM3-GC31-MM,east,fut,2086,60.4469,152.9674
HadGEM3-GC31-MM,east,fut,2087,49.6162,148.9148
HadGEM3-GC31-MM,east,fut,2088,28.7223,37.681
HadGEM3-GC31-MM,east,fut,2089,8.7963,0.0
HadGEM3-GC31-MM,east,fut,2090,58.4882,149.2088
HadGEM3-GC31-MM,east,fut,2091,28.437,25.2703
HadGEM3-GC31-MM,east,fut,2092,5.6506,0.0
HadGEM3-GC31-MM,east,fut,2093,51.6054,172.5755
HadGEM3-GC31-MM,east,fut,2094,31.2244,59.7829
HadGEM3-GC31-MM,east,fut,2095,34.9997,55.3854
HadGEM3-GC31-MM,east,fut,2096,45.7777,75.1183
HadGEM3-GC31-MM,east,fut,2097,58.3139,95.2591
HadGEM3-GC31-MM,east,fut,2098,17.8209,1.7777
HadGEM3-GC31-MM,east,fut,2099,14.8958,8.407
HadGEM3-GC31-MM,east,fut,2100,38.7557,67.2906
IITM-ESM,uae,hist,1990,16.4068,13.8531
IITM-ESM,uae,hist,1991,12.0786,2.4807
IITM-ESM,uae,hist,1992,11.7652,3.2328
IITM-ESM,uae,hist,1993,10.9185,2.8013
IITM-ESM,uae,hist,1994,14.4446,7.0534
IITM-ESM,uae,hist,1995,7.3184,0.0188
IITM-ESM,uae,hist,1996,17.1148,11.9827
IITM-ESM,uae,hist,1997,18.4446,10.9081
IITM-ESM,uae,hist,1998,17.1983,9.0307
IITM-ESM,uae,hist,1999,10.2565,1.7151
IITM-ESM,uae,hist,2000,13.3046,4.1379
IITM-ESM,uae,hist,2001,24.291,24.5467
IITM-ESM,uae,hist,2002,15.7695,7.8317
IITM-ESM,uae,hist,2003,12.3221,2.0598
IITM-ESM,uae,hist,2004,14.2304,7.1677
IITM-ESM,uae,hist,2005,6.7797,0.4738
IITM-ESM,uae,hist,2006,21.3382,24.5418
IITM-ESM,uae,hist,2007,34.1356,31.3643
IITM-ESM,uae,hist,2008,6.634,1.7725
IITM-ESM,uae,hist,2009,13.5166,4.0562
IITM-ESM,uae,hist,2010,14.7638,10.1492
IITM-ESM,uae,hist,2011,10.2577,0.7403
IITM-ESM,uae,hist,2012,8.773,1.4248
IITM-ESM,uae,hist,2013,4.1689,0.0
IITM-ESM,uae,hist,2014,11.3539,3.171
IITM-ESM,uae,fut,2076,24.0958,25.7115
IITM-ESM,uae,fut,2077,21.2882,37.3063
IITM-ESM,uae,fut,2078,19.6582,10.7752
IITM-ESM,uae,fut,2079,20.5093,20.2564
IITM-ESM,uae,fut,2080,11.8512,3.5262
IITM-ESM,uae,fut,2081,8.823,1.1857
IITM-ESM,uae,fut,2082,12.1523,3.2585
IITM-ESM,uae,fut,2083,7.4207,0.6212
IITM-ESM,uae,fut,2084,10.4174,1.5846
IITM-ESM,uae,fut,2085,2.3613,0.0534
IITM-ESM,uae,fut,2086,14.0927,5.2702
IITM-ESM,uae,fut,2087,15.2397,7.0968
IITM-ESM,uae,fut,2088,17.8458,17.4287
IITM-ESM,uae,fut,2089,34.2064,32.8163
IITM-ESM,uae,fut,2090,6.1152,0.0
IITM-ESM,uae,fut,2091,13.9035,7.5785
IITM-ESM,uae,fut,2092,10.5461,4.2751
IITM-ESM,uae,fut,2093,7.9505,0.0
IITM-ESM,uae,fut,2094,8.1072,1.3719
IITM-ESM,uae,fut,2095,16.2832,11.5076
IITM-ESM,uae,fut,2096,20.374,14.6188
IITM-ESM,uae,fut,2097,19.2077,24.0367
IITM-ESM,uae,fut,2098,14.535,7.0366
IITM-ESM,uae,fut,2099,12.5675,5.7504
IITM-ESM,east,hist,1990,28.247,37.1868
IITM-ESM,east,hist,1991,17.4598,0.0
IITM-ESM,east,hist,1992,13.4125,0.0
IITM-ESM,east,hist,1993,22.4286,13.3575
IITM-ESM,east,hist,1994,24.9454,19.0512
IITM-ESM,east,hist,1995,12.0717,0.0
IITM-ESM,east,hist,1996,22.5046,13.7912
IITM-ESM,east,hist,1997,24.1606,20.227
IITM-ESM,east,hist,1998,16.5338,2.8064
IITM-ESM,east,hist,1999,17.1329,5.0178
IITM-ESM,east,hist,2000,23.8976,14.9882
IITM-ESM,east,hist,2001,36.1682,52.5097
IITM-ESM,east,hist,2002,31.2491,27.9348
IITM-ESM,east,hist,2003,17.9583,0.8089
IITM-ESM,east,hist,2004,29.4021,26.9519
IITM-ESM,east,hist,2005,13.25,5.6898
IITM-ESM,east,hist,2006,31.7643,67.73
IITM-ESM,east,hist,2007,49.8417,64.9482
IITM-ESM,east,hist,2008,4.3839,0.0
IITM-ESM,east,hist,2009,13.6809,0.0
IITM-ESM,east,hist,2010,30.4547,41.2865
IITM-ESM,east,hist,2011,18.6403,5.9279
IITM-ESM,east,hist,2012,15.2314,3.4578
IITM-ESM,east,hist,2013,4.5202,0.0
IITM-ESM,east,hist,2014,11.0047,1.6949
IITM-ESM,east,fut,2076,30.4101,55.4918
IITM-ESM,east,fut,2077,31.9288,129.4664
IITM-ESM,east,fut,2078,14.3373,2.4785
IITM-ESM,east,fut,2079,27.9105,88.9327
IITM-ESM,east,fut,2080,19.3094,1.7419
IITM-ESM,east,fut,2081,7.7524,0.0
IITM-ESM,east,fut,2082,12.4517,0.0
IITM-ESM,east,fut,2083,12.8043,0.0
IITM-ESM,east,fut,2084,16.4989,0.0
IITM-ESM,east,fut,2085,3.2264,0.0
IITM-ESM,east,fut,2086,19.9448,8.7124
IITM-ESM,east,fut,2087,21.2926,8.0309
IITM-ESM,east,fut,2088,25.3259,34.3813
IITM-ESM,east,fut,2089,45.9647,47.0421
IITM-ESM,east,fut,2090,5.4685,0.0
IITM-ESM,east,fut,2091,15.8581,4.9447
IITM-ESM,east,fut,2092,15.8863,3.6078
IITM-ESM,east,fut,2093,7.498,0.0
IITM-ESM,east,fut,2094,9.4264,0.0
IITM-ESM,east,fut,2095,28.0805,32.5135
IITM-ESM,east,fut,2096,35.7274,42.1936
IITM-ESM,east,fut,2097,16.0972,11.1739
IITM-ESM,east,fut,2098,23.2614,16.2982
IITM-ESM,east,fut,2099,23.7062,22.1886
INM-CM4-8,uae,hist,1990,18.3088,19.306
INM-CM4-8,uae,hist,1991,7.9644,0.4113
INM-CM4-8,uae,hist,1992,14.5269,5.5582
INM-CM4-8,uae,hist,1993,16.6072,8.1261
INM-CM4-8,uae,hist,1994,6.0516,0.2957
INM-CM4-8,uae,hist,1995,13.0813,3.4087
INM-CM4-8,uae,hist,1996,16.3286,8.3166
INM-CM4-8,uae,hist,1997,14.4062,7.0854
INM-CM4-8,uae,hist,1998,24.5011,32.1302
INM-CM4-8,uae,hist,1999,24.529,34.1799
INM-CM4-8,uae,hist,2000,29.5145,23.0494
INM-CM4-8,uae,hist,2001,12.8565,4.5477
INM-CM4-8,uae,hist,2002,8.4528,1.7565
INM-CM4-8,uae,hist,2003,16.1189,8.6284
INM-CM4-8,uae,hist,2004,26.0189,25.9315
INM-CM4-8,uae,hist,2005,13.5606,5.6034
INM-CM4-8,uae,hist,2006,16.6452,7.6798
INM-CM4-8,uae,hist,2007,6.5839,0.0264
INM-CM4-8,uae,hist,2008,6.639,0.9012
INM-CM4-8,uae,hist,2009,15.104,8.6557
INM-CM4-8,uae,hist,2010,23.3083,20.9328
INM-CM4-8,uae,hist,2011,9.0051,1.6728
INM-CM4-8,uae,hist,2012,14.6933,6.1359
INM-CM4-8,uae,hist,2013,5.4333,0.0
INM-CM4-8,uae,hist,2014,13.9753,4.9915
INM-CM4-8,uae,fut,2076,20.4303,14.9615
INM-CM4-8,uae,fut,2077,22.5726,36.196
INM-CM4-8,uae,fut,2078,4.9566,0.6118
INM-CM4-8,uae,fut,2079,21.0896,19.254
INM-CM4-8,uae,fut,2080,13.7406,7.7288
INM-CM4-8,uae,fut,2081,17.0161,9.0141
INM-CM4-8,uae,fut,2082,14.122,5.2588
INM-CM4-8,uae,fut,2083,32.3603,72.2887
INM-CM4-8,uae,fut,2084,11.8111,5.3465
INM-CM4-8,uae,fut,2085,3.3461,0.516
INM-CM4-8,uae,fut,2086,22.281,18.1169
INM-CM4-8,uae,fut,2087,10.4782,3.5299
INM-CM4-8,uae,fut,2088,10.9851,2.8898
INM-CM4-8,uae,fut,2089,20.8534,17.8487
INM-CM4-8,uae,fut,2090,14.1612,13.9742
INM-CM4-8,uae,fut,2091,23.4881,25.3501
INM-CM4-8,uae,fut,2092,11.8915,3.0963
INM-CM4-8,uae,fut,2093,24.6803,23.0092
INM-CM4-8,uae,fut,2094,7.7889,1.6661
INM-CM4-8,uae,fut,2095,12.3775,2.6652
INM-CM4-8,uae,fut,2096,21.8169,47.4206
INM-CM4-8,uae,fut,2097,8.5729,1.9541
INM-CM4-8,uae,fut,2098,18.023,13.5338
INM-CM4-8,uae,fut,2099,26.2703,27.043
INM-CM4-8,uae,fut,2100,23.4458,21.9608
INM-CM4-8,east,hist,1990,35.813,67.0366
INM-CM4-8,east,hist,1991,13.3302,0.0
INM-CM4-8,east,hist,1992,39.7674,38.126
INM-CM4-8,east,hist,1993,25.9954,29.8957
INM-CM4-8,east,hist,1994,11.2314,0.0
INM-CM4-8,east,hist,1995,23.0197,14.9068
INM-CM4-8,east,hist,1996,24.8352,15.0
INM-CM4-8,east,hist,1997,29.427,30.9703
INM-CM4-8,east,hist,1998,47.1145,102.8059
INM-CM4-8,east,hist,1999,35.757,62.9149
INM-CM4-8,east,hist,2000,19.4837,11.985
INM-CM4-8,east,hist,2001,7.6726,0.0
INM-CM4-8,east,hist,2002,12.9182,0.0
INM-CM4-8,east,hist,2003,26.1011,17.8977
INM-CM4-8,east,hist,2004,33.8648,54.3194
INM-CM4-8,east,hist,2005,24.3203,23.3394
INM-CM4-8,east,hist,2006,18.2047,0.0
INM-CM4-8,east,hist,2007,9.1645,0.0
INM-CM4-8,east,hist,2008,11.2729,0.0
INM-CM4-8,east,hist,2009,28.4474,39.816
INM-CM4-8,east,hist,2010,45.1096,79.4884
INM-CM4-8,east,hist,2011,12.0227,0.0
INM-CM4-8,east,hist,2012,12.7214,0.0
INM-CM4-8,east,hist,2013,7.2146,0.0
INM-CM4-8,east,hist,2014,18.6758,6.328
INM-CM4-8,east,fut,2076,29.3332,37.4044
INM-CM4-8,east,fut,2077,28.6168,52.7644
INM-CM4-8,east,fut,2078,4.6204,0.0
INM-CM4-8,east,fut,2079,45.7289,75.3778
INM-CM4-8,east,fut,2080,22.9472,12.3688
INM-CM4-8,east,fut,2081,22.9957,12.777
INM-CM4-8,east,fut,2082,20.6533,4.8065
INM-CM4-8,east,fut,2083,56.7081,281.6572
INM-CM4-8,east,fut,2084,18.9083,16.0765
INM-CM4-8,east,fut,2085,10.8417,0.0
INM-CM4-8,east,fut,2086,55.7597,79.7825
INM-CM4-8,east,fut,2087,26.2903,26.7563
INM-CM4-8,east,fut,2088,25.7458,18.2282
INM-CM4-8,east,fut,2089,19.5593,3.0558
INM-CM4-8,east,fut,2090,34.1827,67.5477
INM-CM4-8,east,fut,2091,42.564,81.2902
INM-CM4-8,east,fut,2092,14.0586,0.0
INM-CM4-8,east,fut,2093,43.7958,78.0607
INM-CM4-8,east,fut,2094,5.2577,0.0
INM-CM4-8,east,fut,2095,9.7004,0.0
INM-CM4-8,east,fut,2096,35.0007,108.2722
INM-CM4-8,east,fut,2097,25.0116,18.7694
INM-CM4-8,east,fut,2098,45.6934,75.9866
INM-CM4-8,east,fut,2099,37.6248,28.4218
INM-CM4-8,east,fut,2100,21.6561,8.1161
INM-CM5-0,uae,hist,1990,17.9789,27.1944
INM-CM5-0,uae,hist,1991,10.7192,2.1097
INM-CM5-0,uae,hist,1992,6.3751,0.4098
INM-CM5-0,uae,hist,1993,23.8763,27.168
INM-CM5-0,uae,hist,1994,8.635,0.0
INM-CM5-0,uae,hist,1995,13.306,5.3397
INM-CM5-0,uae,hist,1996,12.7184,3.3898
INM-CM5-0,uae,hist,1997,15.2882,7.8097
INM-CM5-0,uae,hist,1998,6.775,0.1453
INM-CM5-0,uae,hist,1999,33.3573,32.787
INM-CM5-0,uae,hist,2000,12.444,4.5558
INM-CM5-0,uae,hist,2001,11.8996,4.262
INM-CM5-0,uae,hist,2002,9.0853,0.5101
INM-CM5-0,uae,hist,2003,20.5006,16.9934
INM-CM5-0,uae,hist,2004,8.9139,1.3538
INM-CM5-0,uae,hist,2005,23.4883,23.2792
INM-CM5-0,uae,hist,2006,4.191,0.0947
INM-CM5-0,uae,hist,2007,19.9284,16.0866
INM-CM5-0,uae,hist,2008,5.6641,0.0
INM-CM5-0,uae,hist,2009,14.842,10.4092
INM-CM5-0,uae,hist,2010,4.5543,0.2097
INM-CM5-0,uae,hist,2011,9.5197,1.0828
INM-CM5-0,uae,hist,2012,23.2478,20.972
INM-CM5-0,uae,hist,2013,6.867,0.24
INM-CM5-0,uae,hist,2014,14.7703,6.2366
INM-CM5-0,uae,fut,2076,17.2314,10.6255
INM-CM5-0,uae,fut,2077,17.6359,19.7717
INM-CM5-0,uae,fut,2078,29.0494,38.6841
INM-CM5-0,uae,fut,2079,22.3954,19.3196
INM-CM5-0,uae,fut,2080,12.6018,3.7627
INM-CM5-0,uae,fut,2081,31.6501,44.2398
INM-CM5-0,uae,fut,2082,33.6005,30.3689
INM-CM5-0,uae,fut,2083,4.9636,0.0
INM-CM5-0,uae,fut,2084,25.5464,34.8057
INM-CM5-0,uae,fut,2085,10.4684,2.977
INM-CM5-0,uae,fut,2086,8.8761,1.3401
INM-CM5-0,uae,fut,2087,3.3821,0.0
INM-CM5-0,uae,fut,2088,14.751,7.5872
INM-CM5-0,uae,fut,2089,13.5563,4.4852
INM-CM5-0,uae,fut,2090,3.4756,0.0
INM-CM5-0,uae,fut,2091,17.1924,9.383
INM-CM5-0,uae,fut,2092,13.3692,5.1836
INM-CM5-0,uae,fut,2093,37.4739,38.755
INM-CM5-0,uae,fut,2094,12.5206,6.0011
INM-CM5-0,uae,fut,2095,14.2169,8.3759
INM-CM5-0,uae,fut,2096,16.6853,9.3639
INM-CM5-0,uae,fut,2097,13.0599,8.8288
INM-CM5-0,uae,fut,2098,9.2167,1.3708
INM-CM5-0,uae,fut,2099,9.382,4.4153
INM-CM5-0,uae,fut,2100,6.6999,0.0871
INM-CM5-0,east,hist,1990,30.8744,109.2037
INM-CM5-0,east,hist,1991,9.6919,0.0
INM-CM5-0,east,hist,1992,12.307,0.0
INM-CM5-0,east,hist,1993,31.2352,29.6864
INM-CM5-0,east,hist,1994,10.6614,0.0
INM-CM5-0,east,hist,1995,28.0465,37.7347
INM-CM5-0,east,hist,1996,16.3195,0.0
INM-CM5-0,east,hist,1997,28.4636,26.0916
INM-CM5-0,east,hist,1998,9.4066,0.0
INM-CM5-0,east,hist,1999,37.1018,37.1944
INM-CM5-0,east,hist,2000,23.6951,19.7406
INM-CM5-0,east,hist,2001,15.5682,2.5184
INM-CM5-0,east,hist,2002,18.572,0.0
INM-CM5-0,east,hist,2003,35.3804,44.647
INM-CM5-0,east,hist,2004,10.0328,0.0
INM-CM5-0,east,hist,2005,24.1559,23.7907
INM-CM5-0,east,hist,2006,10.1715,0.0
INM-CM5-0,east,hist,2007,27.7237,41.8645
INM-CM5-0,east,hist,2008,5.0669,0.0
INM-CM5-0,east,hist,2009,22.6011,21.9386
INM-CM5-0,east,hist,2010,13.8751,3.7142
INM-CM5-0,east,hist,2011,17.7403,6.1604
INM-CM5-0,east,hist,2012,49.8402,61.8109
INM-CM5-0,east,hist,2013,12.4132,0.0
INM-CM5-0,east,hist,2014,19.6366,6.188
INM-CM5-0,east,fut,2076,20.525,9.0607
INM-CM5-0,east,fut,2077,26.0727,56.1518
INM-CM5-0,east,fut,2078,24.0671,27.4138
INM-CM5-0,east,fut,2079,44.1946,44.2665
INM-CM5-0,east,fut,2080,22.106,22.863
INM-CM5-0,east,fut,2081,47.3963,72.9549
INM-CM5-0,east,fut,2082,41.9695,62.8644
INM-CM5-0,east,fut,2083,11.7856,0.0
INM-CM5-0,east,fut,2084,17.2337,0.7499
INM-CM5-0,east,fut,2085,10.9112,0.0
INM-CM5-0,east,fut,2086,9.0767,0.0
INM-CM5-0,east,fut,2087,13.7379,0.0
INM-CM5-0,east,fut,2088,42.6523,49.9552
INM-CM5-0,east,fut,2089,18.0004,5.293
INM-CM5-0,east,fut,2090,7.7051,0.0
INM-CM5-0,east,fut,2091,16.4124,1.957
INM-CM5-0,east,fut,2092,20.6463,13.5425
INM-CM5-0,east,fut,2093,40.6472,64.7398
INM-CM5-0,east,fut,2094,10.9286,0.0
INM-CM5-0,east,fut,2095,24.7851,46.1691
INM-CM5-0,east,fut,2096,10.036,0.0
INM-CM5-0,east,fut,2097,12.574,0.0
INM-CM5-0,east,fut,2098,20.8958,16.5137
INM-CM5-0,east,fut,2099,4.2526,0.0
INM-CM5-0,east,fut,2100,11.8713,0.0
IPSL-CM6A-LR,uae,hist,1990,11.3333,3.6017
IPSL-CM6A-LR,uae,hist,1991,5.174,0.0
IPSL-CM6A-LR,uae,hist,1992,7.3803,1.6645
IPSL-CM6A-LR,uae,hist,1993,15.6058,10.2008
IPSL-CM6A-LR,uae,hist,1994,4.5351,0.1953
IPSL-CM6A-LR,uae,hist,1995,30.4866,34.0124
IPSL-CM6A-LR,uae,hist,1996,3.4266,0.0
IPSL-CM6A-LR,uae,hist,1997,13.3127,1.4568
IPSL-CM6A-LR,uae,hist,1998,25.6091,29.2293
IPSL-CM6A-LR,uae,hist,1999,19.0493,6.4591
IPSL-CM6A-LR,uae,hist,2000,9.9816,0.7903
IPSL-CM6A-LR,uae,hist,2001,2.9757,0.0293
IPSL-CM6A-LR,uae,hist,2002,21.0875,14.4922
IPSL-CM6A-LR,uae,hist,2003,21.2315,10.6485
IPSL-CM6A-LR,uae,hist,2004,17.9396,5.2089
IPSL-CM6A-LR,uae,hist,2005,17.6842,8.8368
IPSL-CM6A-LR,uae,hist,2006,21.7639,15.2863
IPSL-CM6A-LR,uae,hist,2007,1.8681,0.0
IPSL-CM6A-LR,uae,hist,2008,3.2755,0.0
IPSL-CM6A-LR,uae,hist,2009,18.5023,6.5394
IPSL-CM6A-LR,uae,hist,2010,2.1398,0.0
IPSL-CM6A-LR,uae,hist,2011,3.9899,0.0
IPSL-CM6A-LR,uae,hist,2012,8.4133,0.383
IPSL-CM6A-LR,uae,hist,2013,8.4301,0.1106
IPSL-CM6A-LR,uae,hist,2014,22.4515,16.9338
IPSL-CM6A-LR,uae,fut,2076,3.3499,0.0
IPSL-CM6A-LR,uae,fut,2077,5.5811,0.7659
IPSL-CM6A-LR,uae,fut,2078,1.3582,0.0
IPSL-CM6A-LR,uae,fut,2079,2.2325,0.0
IPSL-CM6A-LR,uae,fut,2080,28.0156,31.8714
IPSL-CM6A-LR,uae,fut,2081,5.5439,0.0
IPSL-CM6A-LR,uae,fut,2082,1.013,0.0
IPSL-CM6A-LR,uae,fut,2083,1.0146,0.0
IPSL-CM6A-LR,uae,fut,2084,23.0457,17.9015
IPSL-CM6A-LR,uae,fut,2085,5.0692,0.0
IPSL-CM6A-LR,uae,fut,2086,3.4371,0.1036
IPSL-CM6A-LR,uae,fut,2087,20.2406,14.3281
IPSL-CM6A-LR,uae,fut,2088,21.345,15.2426
IPSL-CM6A-LR,uae,fut,2089,18.028,6.0086
IPSL-CM6A-LR,uae,fut,2090,34.9774,57.8058
IPSL-CM6A-LR,uae,fut,2091,5.5469,0.0574
IPSL-CM6A-LR,uae,fut,2092,6.9004,0.6109
IPSL-CM6A-LR,uae,fut,2093,12.2188,0.4817
IPSL-CM6A-LR,uae,fut,2094,8.3543,0.0
IPSL-CM6A-LR,uae,fut,2095,1.3561,0.0
IPSL-CM6A-LR,uae,fut,2096,15.1963,4.6355
IPSL-CM6A-LR,uae,fut,2097,15.3627,6.3898
IPSL-CM6A-LR,uae,fut,2098,3.5011,0.0294
IPSL-CM6A-LR,uae,fut,2099,3.8983,0.0
IPSL-CM6A-LR,uae,fut,2100,8.6711,0.0
IPSL-CM6A-LR,east,hist,1990,27.2615,24.9897
IPSL-CM6A-LR,east,hist,1991,10.6095,0.0
IPSL-CM6A-LR,east,hist,1992,25.7918,20.3259
IPSL-CM6A-LR,east,hist,1993,32.702,38.8153
IPSL-CM6A-LR,east,hist,1994,8.8258,1.6905
IPSL-CM6A-LR,east,hist,1995,46.7278,64.5895
IPSL-CM6A-LR,east,hist,1996,8.3012,0.0
IPSL-CM6A-LR,east,hist,1997,15.2604,0.974
IPSL-CM6A-LR,east,hist,1998,33.1059,81.3599
IPSL-CM6A-LR,east,hist,1999,17.7751,1.3918
IPSL-CM6A-LR,east,hist,2000,15.8588,4.0968
IPSL-CM6A-LR,east,hist,2001,5.6515,0.0
IPSL-CM6A-LR,east,hist,2002,24.3769,17.7562
IPSL-CM6A-LR,east,hist,2003,31.7781,27.904
IPSL-CM6A-LR,east,hist,2004,26.106,22.6902
IPSL-CM6A-LR,east,hist,2005,12.4268,1.012
IPSL-CM6A-LR,east,hist,2006,29.3872,47.6778
IPSL-CM6A-LR,east,hist,2007,5.3928,0.0
IPSL-CM6A-LR,east,hist,2008,6.9399,0.0
IPSL-CM6A-LR,east,hist,2009,24.254,13.1038
IPSL-CM6A-LR,east,hist,2010,5.5345,0.0
IPSL-CM6A-LR,east,hist,2011,7.1411,0.0
IPSL-CM6A-LR,east,hist,2012,14.5902,2.5453
IPSL-CM6A-LR,east,hist,2013,7.9659,0.0
IPSL-CM6A-LR,east,hist,2014,31.4593,56.488
IPSL-CM6A-LR,east,fut,2076,6.9381,0.0
IPSL-CM6A-LR,east,fut,2077,5.8355,0.0
IPSL-CM6A-LR,east,fut,2078,4.1754,0.0
IPSL-CM6A-LR,east,fut,2079,5.8801,0.0
IPSL-CM6A-LR,east,fut,2080,31.3608,35.2949
IPSL-CM6A-LR,east,fut,2081,9.7366,0.0
IPSL-CM6A-LR,east,fut,2082,1.4016,0.0
IPSL-CM6A-LR,east,fut,2083,1.9909,0.0
IPSL-CM6A-LR,east,fut,2084,18.7662,0.0
IPSL-CM6A-LR,east,fut,2085,4.7602,0.0
IPSL-CM6A-LR,east,fut,2086,3.5712,0.0
IPSL-CM6A-LR,east,fut,2087,17.86,0.0
IPSL-CM6A-LR,east,fut,2088,23.5285,14.4972
IPSL-CM6A-LR,east,fut,2089,20.907,9.4669
IPSL-CM6A-LR,east,fut,2090,30.9607,53.5004
IPSL-CM6A-LR,east,fut,2091,5.72,0.0
IPSL-CM6A-LR,east,fut,2092,8.3598,0.0
IPSL-CM6A-LR,east,fut,2093,18.2154,0.0
IPSL-CM6A-LR,east,fut,2094,9.0766,0.0
IPSL-CM6A-LR,east,fut,2095,0.4191,0.0
IPSL-CM6A-LR,east,fut,2096,16.492,4.3348
IPSL-CM6A-LR,east,fut,2097,49.4418,45.3217
IPSL-CM6A-LR,east,fut,2098,3.4984,0.0
IPSL-CM6A-LR,east,fut,2099,8.9037,0.0
IPSL-CM6A-LR,east,fut,2100,8.0368,0.0
KACE-1-0-G,uae,hist,1990,6.1252,5.1605
KACE-1-0-G,uae,hist,1991,2.8684,0.3884
KACE-1-0-G,uae,hist,1992,5.1813,5.008
KACE-1-0-G,uae,hist,1993,5.53,1.8287
KACE-1-0-G,uae,hist,1994,2.8613,0.1438
KACE-1-0-G,uae,hist,1995,5.2805,1.1223
KACE-1-0-G,uae,hist,1996,5.8956,2.5532
KACE-1-0-G,uae,hist,1997,4.1683,1.4259
KACE-1-0-G,uae,hist,1998,4.6205,0.5696
KACE-1-0-G,uae,hist,1999,6.4605,5.5282
KACE-1-0-G,uae,hist,2000,5.2144,1.9674
KACE-1-0-G,uae,hist,2001,3.9674,0.5781
KACE-1-0-G,uae,hist,2002,4.2397,1.9989
KACE-1-0-G,uae,hist,2003,7.0991,6.9327
KACE-1-0-G,uae,hist,2004,6.4228,5.8707
KACE-1-0-G,uae,hist,2005,5.1063,1.077
KACE-1-0-G,uae,hist,2006,1.5027,0.0193
KACE-1-0-G,uae,hist,2007,5.4157,1.7475
KACE-1-0-G,uae,hist,2008,5.92,3.4765
KACE-1-0-G,uae,hist,2009,2.1477,0.4445
KACE-1-0-G,uae,hist,2010,3.8488,0.7623
KACE-1-0-G,uae,hist,2011,5.356,1.707
KACE-1-0-G,uae,hist,2012,6.0209,3.5859
KACE-1-0-G,uae,hist,2013,4.8621,1.8785
KACE-1-0-G,uae,hist,2014,5.3049,1.3056
KACE-1-0-G,uae,fut,2076,6.0554,4.4016
KACE-1-0-G,uae,fut,2077,6.0203,4.0098
KACE-1-0-G,uae,fut,2078,6.4322,6.1082
KACE-1-0-G,uae,fut,2079,7.4491,19.2054
KACE-1-0-G,uae,fut,2080,7.687,13.9775
KACE-1-0-G,uae,fut,2081,6.4878,4.9855
KACE-1-0-G,uae,fut,2082,7.7086,15.3118
KACE-1-0-G,uae,fut,2083,6.7029,8.8312
KACE-1-0-G,uae,fut,2084,6.1463,3.9474
KACE-1-0-G,uae,fut,2085,7.0897,12.6776
KACE-1-0-G,uae,fut,2086,4.8877,1.6709
KACE-1-0-G,uae,fut,2087,6.2376,3.9749
KACE-1-0-G,uae,fut,2088,7.1637,10.0678
KACE-1-0-G,uae,fut,2089,7.2707,11.3548
KACE-1-0-G,uae,fut,2090,3.1203,0.1707
KACE-1-0-G,uae,fut,2091,7.7035,20.8955
KACE-1-0-G,uae,fut,2092,0.9673,0.0
KACE-1-0-G,uae,fut,2093,4.1874,0.4213
KACE-1-0-G,uae,fut,2094,6.5927,5.6414
KACE-1-0-G,uae,fut,2095,5.173,5.1387
KACE-1-0-G,uae,fut,2096,4.7929,1.055
KACE-1-0-G,uae,fut,2097,6.5506,8.8174
KACE-1-0-G,uae,fut,2098,6.029,3.6686
KACE-1-0-G,uae,fut,2099,7.7298,12.1841
KACE-1-0-G,uae,fut,2100,1.7961,0.0
KACE-1-0-G,east,hist,1990,7.2209,11.4106
KACE-1-0-G,east,hist,1991,5.8691,3.3977
KACE-1-0-G,east,hist,1992,7.3209,22.211
KACE-1-0-G,east,hist,1993,6.2082,1.8941
KACE-1-0-G,east,hist,1994,4.4861,0.5647
KACE-1-0-G,east,hist,1995,6.5725,4.6591
KACE-1-0-G,east,hist,1996,7.3018,9.3048
KACE-1-0-G,east,hist,1997,6.2017,4.6207
KACE-1-0-G,east,hist,1998,5.184,0.2161
KACE-1-0-G,east,hist,1999,6.6189,7.2609
KACE-1-0-G,east,hist,2000,5.1643,3.0893
KACE-1-0-G,east,hist,2001,2.4621,0.0
KACE-1-0-G,east,hist,2002,5.2533,0.4943
KACE-1-0-G,east,hist,2003,7.2211,8.2161
KACE-1-0-G,east,hist,2004,7.3011,12.2031
KACE-1-0-G,east,hist,2005,6.0623,2.177
KACE-1-0-G,east,hist,2006,3.3418,0.0
KACE-1-0-G,east,hist,2007,6.1692,4.5256
KACE-1-0-G,east,hist,2008,6.905,10.9921
KACE-1-0-G,east,hist,2009,3.8689,0.0
KACE-1-0-G,east,hist,2010,5.2224,1.5725
KACE-1-0-G,east,hist,2011,4.3373,0.0
KACE-1-0-G,east,hist,2012,6.6656,3.9759
KACE-1-0-G,east,hist,2013,6.1205,2.6844
KACE-1-0-G,east,hist,2014,5.7133,1.3249
KACE-1-0-G,east,fut,2076,6.1977,2.3252
KACE-1-0-G,east,fut,2077,5.8453,2.7183
KACE-1-0-G,east,fut,2078,7.0065,8.9089
KACE-1-0-G,east,fut,2079,8.4267,29.7925
KACE-1-0-G,east,fut,2080,8.1343,21.3501
KACE-1-0-G,east,fut,2081,6.4367,6.3214
KACE-1-0-G,east,fut,2082,8.0467,24.7151
KACE-1-0-G,east,fut,2083,8.2206,17.8386
KACE-1-0-G,east,fut,2084,7.1696,12.3022
KACE-1-0-G,east,fut,2085,6.8841,8.516
KACE-1-0-G,east,fut,2086,4.9838,3.004
KACE-1-0-G,east,fut,2087,7.0248,7.3236
KACE-1-0-G,east,fut,2088,7.7154,15.6894
KACE-1-0-G,east,fut,2089,7.6699,18.9251
KACE-1-0-G,east,fut,2090,4.3763,0.4923
KACE-1-0-G,east,fut,2091,7.3248,25.537
KACE-1-0-G,east,fut,2092,1.0387,0.0
KACE-1-0-G,east,fut,2093,4.9732,0.0
KACE-1-0-G,east,fut,2094,6.623,8.2226
KACE-1-0-G,east,fut,2095,7.4057,18.0782
KACE-1-0-G,east,fut,2096,5.7542,2.9488
KACE-1-0-G,east,fut,2097,8.7701,29.9873
KACE-1-0-G,east,fut,2098,7.319,10.5219
KACE-1-0-G,east,fut,2099,10.2699,29.7467
KACE-1-0-G,east,fut,2100,4.0747,0.0
KIOST-ESM,uae,hist,1990,5.1459,0.0
KIOST-ESM,uae,hist,1991,10.5452,1.3009
KIOST-ESM,uae,hist,1992,13.6528,4.0806
KIOST-ESM,uae,hist,1993,16.3084,7.3344
KIOST-ESM,uae,hist,1994,12.8558,4.6983
KIOST-ESM,uae,hist,1995,9.8156,0.5871
KIOST-ESM,uae,hist,1996,16.5277,14.4491
KIOST-ESM,uae,hist,1997,7.6524,0.0
KIOST-ESM,uae,hist,1998,20.804,13.8985
KIOST-ESM,uae,hist,1999,14.4782,8.5828
KIOST-ESM,uae,hist,2000,8.6179,1.505
KIOST-ESM,uae,hist,2001,26.8979,39.2217
KIOST-ESM,uae,hist,2002,11.8533,5.3546
KIOST-ESM,uae,hist,2003,19.1754,15.9637
KIOST-ESM,uae,hist,2004,8.2781,1.6772
KIOST-ESM,uae,hist,2005,3.3436,0.0557
KIOST-ESM,uae,hist,2006,6.5961,0.2774
KIOST-ESM,uae,hist,2007,9.5183,1.1572
KIOST-ESM,uae,hist,2008,30.9466,33.6003
KIOST-ESM,uae,hist,2009,11.505,2.0407
KIOST-ESM,uae,hist,2010,16.389,8.2048
KIOST-ESM,uae,hist,2011,21.5924,26.2264
KIOST-ESM,uae,hist,2012,9.1737,1.6033
KIOST-ESM,uae,hist,2013,7.6089,1.4097
KIOST-ESM,uae,hist,2014,10.3568,3.7263
KIOST-ESM,uae,fut,2076,12.8387,5.0095
KIOST-ESM,uae,fut,2077,14.3651,6.5172
KIOST-ESM,uae,fut,2078,9.8485,2.3483
KIOST-ESM,uae,fut,2079,15.0887,7.1455
KIOST-ESM,uae,fut,2080,18.3965,10.1325
KIOST-ESM,uae,fut,2081,6.9935,0.7418
KIOST-ESM,uae,fut,2082,20.3644,16.4029
KIOST-ESM,uae,fut,2083,26.6081,17.1515
KIOST-ESM,uae,fut,2084,19.464,21.9083
KIOST-ESM,uae,fut,2085,6.865,0.3459
KIOST-ESM,uae,fut,2086,6.8721,0.0
KIOST-ESM,uae,fut,2087,39.4663,54.6029
KIOST-ESM,uae,fut,2088,8.9331,1.3694
KIOST-ESM,uae,fut,2089,3.0327,0.0432
KIOST-ESM,uae,fut,2090,23.5567,38.6584
KIOST-ESM,uae,fut,2091,11.3754,5.8154
KIOST-ESM,uae,fut,2092,2.8819,1.1299
KIOST-ESM,uae,fut,2093,13.9385,4.9988
KIOST-ESM,uae,fut,2094,37.2832,49.5591
KIOST-ESM,uae,fut,2095,10.4251,3.5796
KIOST-ESM,uae,fut,2096,8.5001,1.8963
KIOST-ESM,uae,fut,2097,11.2879,6.9285
KIOST-ESM,uae,fut,2098,4.3831,0.2946
KIOST-ESM,uae,fut,2099,12.3527,4.1121
KIOST-ESM,uae,fut,2100,18.5237,22.9971
KIOST-ESM,east,hist,1990,7.6447,0.0
KIOST-ESM,east,hist,1991,8.8086,0.0
KIOST-ESM,east,hist,1992,15.8965,0.0
KIOST-ESM,east,hist,1993,24.6711,31.6361
KIOST-ESM,east,hist,1994,35.0723,30.9832
KIOST-ESM,east,hist,1995,17.0147,3.3848
KIOST-ESM,east,hist,1996,26.6248,61.2497
KIOST-ESM,east,hist,1997,11.5845,0.0
KIOST-ESM,east,hist,1998,34.9022,31.9937
KIOST-ESM,east,hist,1999,12.2151,1.8554
KIOST-ESM,east,hist,2000,6.8753,0.0
KIOST-ESM,east,hist,2001,29.8673,42.0456
KIOST-ESM,east,hist,2002,27.4883,25.1976
KIOST-ESM,east,hist,2003,30.7911,31.8688
KIOST-ESM,east,hist,2004,17.2641,1.9404
KIOST-ESM,east,hist,2005,12.718,0.0
KIOST-ESM,east,hist,2006,11.6599,0.0
KIOST-ESM,east,hist,2007,16.3668,6.2187
KIOST-ESM,east,hist,2008,27.4076,25.8915
KIOST-ESM,east,hist,2009,15.1643,0.0
KIOST-ESM,east,hist,2010,25.9807,23.8157
KIOST-ESM,east,hist,2011,35.4377,105.4432
KIOST-ESM,east,hist,2012,16.2884,2.1833
KIOST-ESM,east,hist,2013,7.8633,0.0
KIOST-ESM,east,hist,2014,21.9305,14.5832
KIOST-ESM,east,fut,2076,20.2956,13.4454
KIOST-ESM,east,fut,2077,30.8326,28.9079
KIOST-ESM,east,fut,2078,19.5885,10.2831
KIOST-ESM,east,fut,2079,17.5152,7.7132
KIOST-ESM,east,fut,2080,29.0399,30.3263
KIOST-ESM,east,fut,2081,10.6222,1.3877
KIOST-ESM,east,fut,2082,30.9895,42.0327
KIOST-ESM,east,fut,2083,37.2424,34.1389
KIOST-ESM,east,fut,2084,39.6131,72.3477
KIOST-ESM,east,fut,2085,10.6352,0.0
KIOST-ESM,east,fut,2086,13.3794,0.0
KIOST-ESM,east,fut,2087,55.0684,99.3832
KIOST-ESM,east,fut,2088,18.4637,8.7042
KIOST-ESM,east,fut,2089,2.9754,0.0
KIOST-ESM,east,fut,2090,37.2459,84.0701
KIOST-ESM,east,fut,2091,11.3912,2.9426
KIOST-ESM,east,fut,2092,2.8581,0.0
KIOST-ESM,east,fut,2093,25.8958,23.7378
KIOST-ESM,east,fut,2094,46.6119,68.5291
KIOST-ESM,east,fut,2095,7.1428,0.0
KIOST-ESM,east,fut,2096,11.8172,0.0
KIOST-ESM,east,fut,2097,17.5016,10.1297
KIOST-ESM,east,fut,2098,5.8107,0.0
KIOST-ESM,east,fut,2099,21.37,20.9399
KIOST-ESM,east,fut,2100,35.3634,85.453
MIROC-ES2L,uae,hist,1990,9.0395,1.812
MIROC-ES2L,uae,hist,1991,15.1792,6.6789
MIROC-ES2L,uae,hist,1992,5.8066,0.0
MIROC-ES2L,uae,hist,1993,19.7327,10.7066
MIROC-ES2L,uae,hist,1994,14.9019,9.0932
MIROC-ES2L,uae,hist,1995,4.6999,0.0911
MIROC-ES2L,uae,hist,1996,12.1046,1.9404
MIROC-ES2L,uae,hist,1997,13.7416,4.6516
MIROC-ES2L,uae,hist,1998,3.9343,0.0
MIROC-ES2L,uae,hist,1999,18.1993,12.4592
MIROC-ES2L,uae,hist,2000,18.5546,13.7649
MIROC-ES2L,uae,hist,2001,19.8241,15.7004
MIROC-ES2L,uae,hist,2002,7.7007,0.0658
MIROC-ES2L,uae,hist,2003,14.8529,10.5892
MIROC-ES2L,uae,hist,2004,20.0595,15.5422
MIROC-ES2L,uae,hist,2005,4.7146,0.0
MIROC-ES2L,uae,hist,2006,10.0124,4.0773
MIROC-ES2L,uae,hist,2007,3.4479,0.0
MIROC-ES2L,uae,hist,2008,41.9591,77.2156
MIROC-ES2L,uae,hist,2009,10.2989,2.0487
MIROC-ES2L,uae,hist,2010,14.0211,13.6151
MIROC-ES2L,uae,hist,2011,5.1568,0.7075
MIROC-ES2L,uae,hist,2012,13.0845,6.5946
MIROC-ES2L,uae,hist,2013,11.4839,6.4516
MIROC-ES2L,uae,hist,2014,4.0286,0.0238
MIROC-ES2L,uae,fut,2076,1.9094,0.0
MIROC-ES2L,uae,fut,2077,19.114,12.9638
MIROC-ES2L,uae,fut,2078,8.2797,0.3785
MIROC-ES2L,uae,fut,2079,11.7818,5.5033
MIROC-ES2L,uae,fut,2080,19.0858,9.7785
MIROC-ES2L,uae,fut,2081,4.1358,0.0
MIROC-ES2L,uae,fut,2082,11.6465,2.4707
MIROC-ES2L,uae,fut,2083,11.6608,3.117
MIROC-ES2L,uae,fut,2084,2.9742,0.0
MIROC-ES2L,uae,fut,2085,2.8842,0.0
MIROC-ES2L,uae,fut,2086,17.3386,9.7968
MIROC-ES2L,uae,fut,2087,4.9515,0.4203
MIROC-ES2L,uae,fut,2088,21.8704,17.459
MIROC-ES2L,uae,fut,2089,13.7493,7.0531
MIROC-ES2L,uae,fut,2090,17.2032,13.8169
MIROC-ES2L,uae,fut,2091,13.4822,4.6732
MIROC-ES2L,uae,fut,2092,8.5926,1.5951
MIROC-ES2L,uae,fut,2093,0.912,0.0
MIROC-ES2L,uae,fut,2094,12.252,4.7732
MIROC-ES2L,uae,fut,2095,21.5906,16.78
MIROC-ES2L,uae,fut,2096,26.8464,22.5936
MIROC-ES2L,uae,fut,2097,9.9383,1.1681
MIROC-ES2L,uae,fut,2098,5.2924,0.0
MIROC-ES2L,uae,fut,2099,3.2953,0.0
MIROC-ES2L,uae,fut,2100,8.8543,0.3844
MIROC-ES2L,east,hist,1990,19.0965,15.8729
MIROC-ES2L,east,hist,1991,17.362,5.9992
MIROC-ES2L,east,hist,1992,9.3727,0.0
MIROC-ES2L,east,hist,1993,20.1961,10.4416
MIROC-ES2L,east,hist,1994,29.8175,27.3327
MIROC-ES2L,east,hist,1995,8.8273,0.0
MIROC-ES2L,east,hist,1996,16.8204,3.5331
MIROC-ES2L,east,hist,1997,13.6628,0.7708
MIROC-ES2L,east,hist,1998,4.5915,0.0
MIROC-ES2L,east,hist,1999,31.0799,34.5981
MIROC-ES2L,east,hist,2000,26.0504,29.5959
MIROC-ES2L,east,hist,2001,30.9229,29.944
MIROC-ES2L,east,hist,2002,10.0891,0.0
MIROC-ES2L,east,hist,2003,35.0277,50.7488
MIROC-ES2L,east,hist,2004,24.7697,29.7236
MIROC-ES2L,east,hist,2005,6.5822,0.0
MIROC-ES2L,east,hist,2006,21.3887,17.6631
MIROC-ES2L,east,hist,2007,2.8043,0.0
MIROC-ES2L,east,hist,2008,66.8125,153.2646
MIROC-ES2L,east,hist,2009,15.2726,1.2524
MIROC-ES2L,east,hist,2010,23.7154,43.1111
MIROC-ES2L,east,hist,2011,6.0302,0.0
MIROC-ES2L,east,hist,2012,25.0999,30.3545
MIROC-ES2L,east,hist,2013,22.5303,24.0826
MIROC-ES2L,east,hist,2014,9.0931,0.0
MIROC-ES2L,east,fut,2076,1.7145,0.0
MIROC-ES2L,east,fut,2077,35.2734,38.1351
MIROC-ES2L,east,fut,2078,10.7466,0.0
MIROC-ES2L,east,fut,2079,20.9422,15.4173
MIROC-ES2L,east,fut,2080,42.4559,38.9179
MIROC-ES2L,east,fut,2081,8.2604,0.0
MIROC-ES2L,east,fut,2082,15.1676,6.0866
MIROC-ES2L,east,fut,2083,15.736,2.072
MIROC-ES2L,east,fut,2084,2.884,0.0
MIROC-ES2L,east,fut,2085,8.6348,0.0
MIROC-ES2L,east,fut,2086,24.9448,22.0678
MIROC-ES2L,east,fut,2087,7.8584,0.0
MIROC-ES2L,east,fut,2088,22.1161,35.5595
MIROC-ES2L,east,fut,2089,21.1148,23.7462
MIROC-ES2L,east,fut,2090,33.735,68.0157
MIROC-ES2L,east,fut,2091,17.8372,5.9792
MIROC-ES2L,east,fut,2092,15.9312,4.9952
MIROC-ES2L,east,fut,2093,0.769,0.0
MIROC-ES2L,east,fut,2094,20.1811,11.1038
MIROC-ES2L,east,fut,2095,27.3942,43.504
MIROC-ES2L,east,fut,2096,22.5446,23.0772
MIROC-ES2L,east,fut,2097,9.0344,0.0
MIROC-ES2L,east,fut,2098,11.694,0.0
MIROC-ES2L,east,fut,2099,5.5426,0.0
MIROC-ES2L,east,fut,2100,7.6255,0.0
MIROC6,uae,hist,1990,29.6303,20.2888
MIROC6,uae,hist,1991,18.1124,7.0725
MIROC6,uae,hist,1992,11.2274,2.2936
MIROC6,uae,hist,1993,10.1087,1.3594
MIROC6,uae,hist,1994,29.7907,30.2341
MIROC6,uae,hist,1995,2.5987,0.0
MIROC6,uae,hist,1996,15.8223,3.4163
MIROC6,uae,hist,1997,31.1332,37.6389
MIROC6,uae,hist,1998,6.4421,0.0
MIROC6,uae,hist,1999,4.9917,0.0
MIROC6,uae,hist,2000,4.8485,0.0848
MIROC6,uae,hist,2001,16.253,7.9774
MIROC6,uae,hist,2002,4.3459,0.3116
MIROC6,uae,hist,2003,22.1806,17.9922
MIROC6,uae,hist,2004,14.0416,5.8525
MIROC6,uae,hist,2005,18.6535,7.2307
MIROC6,uae,hist,2006,26.4329,39.2837
MIROC6,uae,hist,2007,23.22,16.8784
MIROC6,uae,hist,2008,14.8667,8.5799
MIROC6,uae,hist,2009,16.6068,4.5458
MIROC6,uae,hist,2010,4.1737,0.0
MIROC6,uae,hist,2011,18.2744,9.4563
MIROC6,uae,hist,2012,24.255,22.4429
MIROC6,uae,hist,2013,19.6127,9.8707
MIROC6,uae,hist,2014,20.3656,9.546
MIROC6,uae,fut,2076,11.3579,0.5052
MIROC6,uae,fut,2077,6.6126,0.0
MIROC6,uae,fut,2078,5.7973,3.7138
MIROC6,uae,fut,2079,19.8866,8.7363
MIROC6,uae,fut,2080,39.4954,38.5613
MIROC6,uae,fut,2081,27.0726,35.3759
MIROC6,uae,fut,2082,7.6829,0.4274
MIROC6,uae,fut,2083,15.0946,3.9204
MIROC6,uae,fut,2084,10.5501,0.4432
MIROC6,uae,fut,2085,22.581,23.1033
MIROC6,uae,fut,2086,15.9732,2.9157
MIROC6,uae,fut,2087,5.6195,0.0
MIROC6,uae,fut,2088,14.3011,7.4515
MIROC6,uae,fut,2089,15.9051,4.6008
MIROC6,uae,fut,2090,20.0402,8.9316
MIROC6,uae,fut,2091,8.5487,0.7338
MIROC6,uae,fut,2092,6.4073,0.0
MIROC6,uae,fut,2093,8.6384,0.0
MIROC6,uae,fut,2094,3.3236,0.0
MIROC6,uae,fut,2095,21.1848,12.9359
MIROC6,uae,fut,2096,11.1516,0.5039
MIROC6,uae,fut,2097,3.187,0.0
MIROC6,uae,fut,2098,27.8476,28.3106
MIROC6,uae,fut,2099,14.2276,2.3709
MIROC6,uae,fut,2100,23.7884,21.2885
MIROC6,east,hist,1990,46.6687,47.4048
MIROC6,east,hist,1991,15.8095,0.0
MIROC6,east,hist,1992,12.755,0.0
MIROC6,east,hist,1993,13.5062,0.0
MIROC6,east,hist,1994,30.3426,59.7283
MIROC6,east,hist,1995,2.5834,0.0
MIROC6,east,hist,1996,26.1636,13.08
MIROC6,east,hist,1997,45.4146,105.0973
MIROC6,east,hist,1998,7.0576,0.0
MIROC6,east,hist,1999,13.5056,0.0
MIROC6,east,hist,2000,12.0726,0.0
MIROC6,east,hist,2001,30.8337,23.0859
MIROC6,east,hist,2002,10.196,0.0
MIROC6,east,hist,2003,21.4669,3.855
MIROC6,east,hist,2004,7.2174,0.0
MIROC6,east,hist,2005,33.184,43.9044
MIROC6,east,hist,2006,38.2028,127.1513
MIROC6,east,hist,2007,37.9136,62.4711
MIROC6,east,hist,2008,25.9929,14.1484
MIROC6,east,hist,2009,19.4012,5.0038
MIROC6,east,hist,2010,9.0486,0.0
MIROC6,east,hist,2011,18.8603,0.0
MIROC6,east,hist,2012,31.3026,31.4221
MIROC6,east,hist,2013,33.9716,36.6031
MIROC6,east,hist,2014,29.0354,27.3289
MIROC6,east,fut,2076,20.3817,0.0
MIROC6,east,fut,2077,6.7603,0.0
MIROC6,east,fut,2078,9.0927,0.0
MIROC6,east,fut,2079,26.1176,16.9923
MIROC6,east,fut,2080,62.3305,62.2696
MIROC6,east,fut,2081,28.8352,32.5673
MIROC6,east,fut,2082,14.7025,0.9456
MIROC6,east,fut,2083,29.7098,24.9063
MIROC6,east,fut,2084,22.8223,0.0
MIROC6,east,fut,2085,29.9573,28.8899
MIROC6,east,fut,2086,14.0594,0.0
MIROC6,east,fut,2087,9.755,0.0
MIROC6,east,fut,2088,29.2057,27.3554
MIROC6,east,fut,2089,20.1095,3.71
MIROC6,east,fut,2090,17.2503,0.0
MIROC6,east,fut,2091,15.7306,0.8294
MIROC6,east,fut,2092,8.2248,0.0
MIROC6,east,fut,2093,13.7647,0.0
MIROC6,east,fut,2094,6.0764,0.0
MIROC6,east,fut,2095,30.4195,35.2639
MIROC6,east,fut,2096,23.1173,5.8528
MIROC6,east,fut,2097,2.6561,0.0
MIROC6,east,fut,2098,35.3968,65.1072
MIROC6,east,fut,2099,22.5958,0.0
MIROC6,east,fut,2100,37.5076,43.5194
MPI-ESM1-2-HR,uae,hist,1990,4.0667,0.0
MPI-ESM1-2-HR,uae,hist,1991,12.1681,1.4073
MPI-ESM1-2-HR,uae,hist,1992,20.3227,12.9973
MPI-ESM1-2-HR,uae,hist,1993,14.1252,3.6844
MPI-ESM1-2-HR,uae,hist,1994,32.309,48.1355
MPI-ESM1-2-HR,uae,hist,1995,10.8106,2.7943
MPI-ESM1-2-HR,uae,hist,1996,5.7423,0.1661
MPI-ESM1-2-HR,uae,hist,1997,22.7638,15.5373
MPI-ESM1-2-HR,uae,hist,1998,8.8183,1.3938
MPI-ESM1-2-HR,uae,hist,1999,15.967,5.925
MPI-ESM1-2-HR,uae,hist,2000,23.1035,13.7405
MPI-ESM1-2-HR,uae,hist,2001,20.2481,7.5304
MPI-ESM1-2-HR,uae,hist,2002,4.7452,0.0
MPI-ESM1-2-HR,uae,hist,2003,13.0946,3.9957
MPI-ESM1-2-HR,uae,hist,2004,46.339,41.1028
MPI-ESM1-2-HR,uae,hist,2005,18.5158,7.9578
MPI-ESM1-2-HR,uae,hist,2006,38.147,34.1931
MPI-ESM1-2-HR,uae,hist,2007,7.2056,0.7186
MPI-ESM1-2-HR,uae,hist,2008,24.2914,19.1024
MPI-ESM1-2-HR,uae,hist,2009,7.3132,0.71
MPI-ESM1-2-HR,uae,hist,2010,5.9814,0.0
MPI-ESM1-2-HR,uae,hist,2011,11.5937,4.1835
MPI-ESM1-2-HR,uae,hist,2012,11.2086,2.9931
MPI-ESM1-2-HR,uae,hist,2013,28.0726,20.0545
MPI-ESM1-2-HR,uae,hist,2014,6.9005,0.1171
MPI-ESM1-2-HR,uae,fut,2076,5.3811,0.0
MPI-ESM1-2-HR,uae,fut,2077,18.126,6.664
MPI-ESM1-2-HR,uae,fut,2078,7.2614,0.19
MPI-ESM1-2-HR,uae,fut,2079,5.91,0.0
MPI-ESM1-2-HR,uae,fut,2080,9.4567,0.0
MPI-ESM1-2-HR,uae,fut,2081,22.5234,20.2876
MPI-ESM1-2-HR,uae,fut,2082,9.8016,2.0308
MPI-ESM1-2-HR,uae,fut,2083,21.1174,10.7951
MPI-ESM1-2-HR,uae,fut,2084,36.0729,31.2441
MPI-ESM1-2-HR,uae,fut,2085,4.9786,0.0
MPI-ESM1-2-HR,uae,fut,2086,4.9323,0.1202
MPI-ESM1-2-HR,uae,fut,2087,2.7598,0.0
MPI-ESM1-2-HR,uae,fut,2088,23.306,36.9563
MPI-ESM1-2-HR,uae,fut,2089,4.161,0.0
MPI-ESM1-2-HR,uae,fut,2090,29.5563,27.3293
MPI-ESM1-2-HR,uae,fut,2091,17.8436,12.1745
MPI-ESM1-2-HR,uae,fut,2092,30.6477,20.5691
MPI-ESM1-2-HR,uae,fut,2093,20.4838,16.4781
MPI-ESM1-2-HR,uae,fut,2094,6.4049,1.4712
MPI-ESM1-2-HR,uae,fut,2095,13.2096,2.0883
MPI-ESM1-2-HR,uae,fut,2096,12.1162,1.1674
MPI-ESM1-2-HR,uae,fut,2097,19.9855,8.2861
MPI-ESM1-2-HR,uae,fut,2098,18.8676,9.9387
MPI-ESM1-2-HR,uae,fut,2099,30.4227,29.1301
MPI-ESM1-2-HR,uae,fut,2100,15.9589,5.6674
MPI-ESM1-2-HR,east,hist,1990,6.5814,0.0
MPI-ESM1-2-HR,east,hist,1991,17.0005,0.0
MPI-ESM1-2-HR,east,hist,1992,37.241,46.8354
MPI-ESM1-2-HR,east,hist,1993,25.8125,26.1044
MPI-ESM1-2-HR,east,hist,1994,42.8049,102.2867
MPI-ESM1-2-HR,east,hist,1995,22.7208,13.0475
MPI-ESM1-2-HR,east,hist,1996,7.5813,0.0
MPI-ESM1-2-HR,east,hist,1997,48.1011,61.5937
MPI-ESM1-2-HR,east,hist,1998,13.9638,0.0
MPI-ESM1-2-HR,east,hist,1999,24.1711,25.0784
MPI-ESM1-2-HR,east,hist,2000,36.9794,33.8978
MPI-ESM1-2-HR,east,hist,2001,28.3046,22.7989
MPI-ESM1-2-HR,east,hist,2002,8.1117,0.0
MPI-ESM1-2-HR,east,hist,2003,28.7996,24.4136
MPI-ESM1-2-HR,east,hist,2004,64.1139,63.3499
MPI-ESM1-2-HR,east,hist,2005,24.0729,11.8217
MPI-ESM1-2-HR,east,hist,2006,37.8654,48.2078
MPI-ESM1-2-HR,east,hist,2007,16.6581,3.6731
MPI-ESM1-2-HR,east,hist,2008,38.5224,35.5766
MPI-ESM1-2-HR,east,hist,2009,12.1675,0.0
MPI-ESM1-2-HR,east,hist,2010,9.8357,0.0
MPI-ESM1-2-HR,east,hist,2011,25.0791,12.5914
MPI-ESM1-2-HR,east,hist,2012,19.5348,4.9611
MPI-ESM1-2-HR,east,hist,2013,49.4853,44.0514
MPI-ESM1-2-HR,east,hist,2014,6.5092,0.0
MPI-ESM1-2-HR,east,fut,2076,5.8097,0.0
MPI-ESM1-2-HR,east,fut,2077,13.1828,0.0
MPI-ESM1-2-HR,east,fut,2078,20.2956,3.3638
MPI-ESM1-2-HR,east,fut,2079,11.9415,0.0
MPI-ESM1-2-HR,east,fut,2080,13.6443,0.0
MPI-ESM1-2-HR,east,fut,2081,23.652,17.1685
MPI-ESM1-2-HR,east,fut,2082,11.8459,0.0
MPI-ESM1-2-HR,east,fut,2083,36.7032,38.8554
MPI-ESM1-2-HR,east,fut,2084,40.629,53.7599
MPI-ESM1-2-HR,east,fut,2085,10.7837,0.0
MPI-ESM1-2-HR,east,fut,2086,12.6355,0.0
MPI-ESM1-2-HR,east,fut,2087,1.0329,0.0
MPI-ESM1-2-HR,east,fut,2088,29.748,88.3596
MPI-ESM1-2-HR,east,fut,2089,7.0765,0.0
MPI-ESM1-2-HR,east,fut,2090,43.6714,71.9013
MPI-ESM1-2-HR,east,fut,2091,30.1735,27.9325
MPI-ESM1-2-HR,east,fut,2092,41.0297,37.6106
MPI-ESM1-2-HR,east,fut,2093,31.6222,36.8688
MPI-ESM1-2-HR,east,fut,2094,7.7071,0.0
MPI-ESM1-2-HR,east,fut,2095,18.643,0.0
MPI-ESM1-2-HR,east,fut,2096,18.4178,3.0506
MPI-ESM1-2-HR,east,fut,2097,27.2721,18.3852
MPI-ESM1-2-HR,east,fut,2098,28.9738,31.4387
MPI-ESM1-2-HR,east,fut,2099,27.7103,34.6315
MPI-ESM1-2-HR,east,fut,2100,16.2189,1.0637
MPI-ESM1-2-LR,uae,hist,1990,6.2249,0.0
MPI-ESM1-2-LR,uae,hist,1991,28.574,24.3526
MPI-ESM1-2-LR,uae,hist,1992,16.218,8.7344
MPI-ESM1-2-LR,uae,hist,1993,11.1959,0.4672
MPI-ESM1-2-LR,uae,hist,1994,12.5631,0.7504
MPI-ESM1-2-LR,uae,hist,1995,4.281,0.0
MPI-ESM1-2-LR,uae,hist,1996,14.5452,5.4071
MPI-ESM1-2-LR,uae,hist,1997,19.27,12.3009
MPI-ESM1-2-LR,uae,hist,1998,5.3141,0.0
MPI-ESM1-2-LR,uae,hist,1999,7.5955,0.6074
MPI-ESM1-2-LR,uae,hist,2000,14.0995,2.3845
MPI-ESM1-2-LR,uae,hist,2001,9.434,2.5472
MPI-ESM1-2-LR,uae,hist,2002,19.5662,12.7101
MPI-ESM1-2-LR,uae,hist,2003,27.7119,28.9401
MPI-ESM1-2-LR,uae,hist,2004,21.8316,14.5204
MPI-ESM1-2-LR,uae,hist,2005,7.6155,1.6196
MPI-ESM1-2-LR,uae,hist,2006,3.6214,0.0
MPI-ESM1-2-LR,uae,hist,2007,16.9337,8.5692
MPI-ESM1-2-LR,uae,hist,2008,31.7534,51.5207
MPI-ESM1-2-LR,uae,hist,2009,24.1079,23.0422
MPI-ESM1-2-LR,uae,hist,2010,16.5848,12.0622
MPI-ESM1-2-LR,uae,hist,2011,24.3267,26.2615
MPI-ESM1-2-LR,uae,hist,2012,4.498,0.3839
MPI-ESM1-2-LR,uae,hist,2013,10.9987,0.8766
MPI-ESM1-2-LR,uae,hist,2014,15.399,8.2839
MPI-ESM1-2-LR,uae,fut,2076,2.5748,0.0
MPI-ESM1-2-LR,uae,fut,2077,9.7699,0.2327
MPI-ESM1-2-LR,uae,fut,2078,4.1559,0.0
MPI-ESM1-2-LR,uae,fut,2079,7.8929,0.6459
MPI-ESM1-2-LR,uae,fut,2080,28.5741,28.1587
MPI-ESM1-2-LR,uae,fut,2081,1.5792,0.0
MPI-ESM1-2-LR,uae,fut,2082,7.9619,0.0832
MPI-ESM1-2-LR,uae,fut,2083,9.8878,1.0372
MPI-ESM1-2-LR,uae,fut,2084,10.9268,2.0721
MPI-ESM1-2-LR,uae,fut,2085,13.9812,2.9835
MPI-ESM1-2-LR,uae,fut,2086,5.3635,0.3305
MPI-ESM1-2-LR,uae,fut,2087,11.3352,3.9314
MPI-ESM1-2-LR,uae,fut,2088,15.6693,8.1537
MPI-ESM1-2-LR,uae,fut,2089,3.4005,0.0
MPI-ESM1-2-LR,uae,fut,2090,12.3025,3.0711
MPI-ESM1-2-LR,uae,fut,2091,3.1805,0.0
MPI-ESM1-2-LR,uae,fut,2092,4.074,0.0
MPI-ESM1-2-LR,uae,fut,2093,1.3475,0.0
MPI-ESM1-2-LR,uae,fut,2094,16.6229,5.8474
MPI-ESM1-2-LR,uae,fut,2095,20.4141,18.8838
MPI-ESM1-2-LR,uae,fut,2096,4.1359,0.0
MPI-ESM1-2-LR,uae,fut,2097,5.3957,0.0
MPI-ESM1-2-LR,uae,fut,2098,34.4452,54.6391
MPI-ESM1-2-LR,uae,fut,2099,11.5656,2.3695
MPI-ESM1-2-LR,uae,fut,2100,5.4809,0.0757
MPI-ESM1-2-LR,east,hist,1990,12.251,0.0
MPI-ESM1-2-LR,east,hist,1991,30.9127,44.3063
MPI-ESM1-2-LR,east,hist,1992,14.7496,0.0
MPI-ESM1-2-LR,east,hist,1993,13.8391,0.0
MPI-ESM1-2-LR,east,hist,1994,15.2423,0.0
MPI-ESM1-2-LR,east,hist,1995,9.6141,0.0
MPI-ESM1-2-LR,east,hist,1996,17.4674,4.3063
MPI-ESM1-2-LR,east,hist,1997,23.6149,16.6736
MPI-ESM1-2-LR,east,hist,1998,11.259,0.0
MPI-ESM1-2-LR,east,hist,1999,17.5663,3.764
MPI-ESM1-2-LR,east,hist,2000,20.3626,5.3635
MPI-ESM1-2-LR,east,hist,2001,36.6579,30.3948
MPI-ESM1-2-LR,east,hist,2002,36.2054,40.3426
MPI-ESM1-2-LR,east,hist,2003,21.6957,14.0478
MPI-ESM1-2-LR,east,hist,2004,31.4125,45.7163
MPI-ESM1-2-LR,east,hist,2005,18.2675,7.6667
MPI-ESM1-2-LR,east,hist,2006,5.1658,0.0
MPI-ESM1-2-LR,east,hist,2007,28.5472,32.6825
MPI-ESM1-2-LR,east,hist,2008,42.7717,139.8505
MPI-ESM1-2-LR,east,hist,2009,45.1297,68.4219
MPI-ESM1-2-LR,east,hist,2010,33.5376,44.8206
MPI-ESM1-2-LR,east,hist,2011,23.9814,17.3803
MPI-ESM1-2-LR,east,hist,2012,4.9248,0.0
MPI-ESM1-2-LR,east,hist,2013,14.4574,0.0
MPI-ESM1-2-LR,east,hist,2014,26.9653,24.6032
MPI-ESM1-2-LR,east,fut,2076,6.1044,0.0
MPI-ESM1-2-LR,east,fut,2077,13.4655,0.0
MPI-ESM1-2-LR,east,fut,2078,14.6824,0.0
MPI-ESM1-2-LR,east,fut,2079,12.0634,0.0
MPI-ESM1-2-LR,east,fut,2080,44.5499,49.6848
MPI-ESM1-2-LR,east,fut,2081,4.1089,0.0
MPI-ESM1-2-LR,east,fut,2082,15.0589,0.0
MPI-ESM1-2-LR,east,fut,2083,17.993,5.3699
MPI-ESM1-2-LR,east,fut,2084,15.0392,0.0
MPI-ESM1-2-LR,east,fut,2085,16.8482,1.0199
MPI-ESM1-2-LR,east,fut,2086,3.0461,0.0
MPI-ESM1-2-LR,east,fut,2087,30.2794,24.1312
MPI-ESM1-2-LR,east,fut,2088,37.354,32.1446
MPI-ESM1-2-LR,east,fut,2089,7.5186,0.0
MPI-ESM1-2-LR,east,fut,2090,24.8402,18.7674
MPI-ESM1-2-LR,east,fut,2091,11.9168,0.0
MPI-ESM1-2-LR,east,fut,2092,11.6157,0.0
MPI-ESM1-2-LR,east,fut,2093,2.455,0.0
MPI-ESM1-2-LR,east,fut,2094,12.5343,0.0
MPI-ESM1-2-LR,east,fut,2095,35.178,68.3428
MPI-ESM1-2-LR,east,fut,2096,7.9369,0.0
MPI-ESM1-2-LR,east,fut,2097,6.3698,0.0
MPI-ESM1-2-LR,east,fut,2098,56.9146,153.9996
MPI-ESM1-2-LR,east,fut,2099,23.3348,22.2817
MPI-ESM1-2-LR,east,fut,2100,9.0485,0.0
NESM3,uae,hist,1990,19.7184,8.6262
NESM3,uae,hist,1991,4.3588,0.0912
NESM3,uae,hist,1992,29.8323,41.7637
NESM3,uae,hist,1993,24.5369,18.6456
NESM3,uae,hist,1994,18.8931,9.6425
NESM3,uae,hist,1995,30.7265,35.1833
NESM3,uae,hist,1996,11.1958,0.8404
NESM3,uae,hist,1997,38.4379,43.6237
NESM3,uae,hist,1998,33.0489,43.5786
NESM3,uae,hist,1999,16.6585,7.0218
NESM3,uae,hist,2000,5.5231,0.0
NESM3,uae,hist,2001,11.6223,3.8135
NESM3,uae,hist,2002,6.1967,0.0
NESM3,uae,hist,2003,17.9578,8.4401
NESM3,uae,hist,2004,18.9975,11.3304
NESM3,uae,hist,2005,2.0279,0.0
NESM3,uae,hist,2006,5.4179,0.0
NESM3,uae,hist,2007,3.4106,0.0
NESM3,uae,hist,2008,18.6564,7.964
NESM3,uae,hist,2009,21.2674,15.6977
NESM3,uae,hist,2010,11.8697,1.097
NESM3,uae,hist,2011,9.4724,1.363
NESM3,uae,hist,2012,9.6615,0.9107
NESM3,uae,hist,2013,9.4489,0.1333
NESM3,uae,hist,2014,7.2151,2.4706
NESM3,uae,fut,2076,12.4931,4.0942
NESM3,uae,fut,2077,5.5258,0.0
NESM3,uae,fut,2078,7.7703,0.6806
NESM3,uae,fut,2079,0.4713,0.0
NESM3,uae,fut,2080,9.3855,0.1956
NESM3,uae,fut,2081,17.837,7.7952
NESM3,uae,fut,2082,31.1475,31.8435
NESM3,uae,fut,2083,8.3104,0.7287
NESM3,uae,fut,2084,6.8446,0.0
NESM3,uae,fut,2085,24.7072,26.0669
NESM3,uae,fut,2086,15.9927,11.7163
NESM3,uae,fut,2087,20.4708,12.988
NESM3,uae,fut,2088,19.2802,13.1798
NESM3,uae,fut,2089,3.1066,0.0
NESM3,uae,fut,2090,20.4878,10.4135
NESM3,uae,fut,2091,22.5798,29.5551
NESM3,uae,fut,2092,8.2487,1.4784
NESM3,uae,fut,2093,5.9133,0.0
NESM3,uae,fut,2094,12.3889,3.0501
NESM3,uae,fut,2095,8.8717,3.3473
NESM3,uae,fut,2096,9.2684,3.5678
NESM3,uae,fut,2097,5.9325,0.0
NESM3,uae,fut,2098,10.6179,5.311
NESM3,uae,fut,2099,2.842,0.0
NESM3,uae,fut,2100,28.0027,26.8744
NESM3,east,hist,1990,25.0711,15.396
NESM3,east,hist,1991,7.9882,0.0
NESM3,east,hist,1992,34.5807,48.73
NESM3,east,hist,1993,31.8275,47.6864
NESM3,east,hist,1994,23.9589,10.0023
NESM3,east,hist,1995,28.777,37.7205
NESM3,east,hist,1996,20.4156,4.6437
NESM3,east,hist,1997,55.6067,89.7599
NESM3,east,hist,1998,42.6196,71.4647
NESM3,east,hist,1999,26.1291,23.8399
NESM3,east,hist,2000,5.0587,0.0
NESM3,east,hist,2001,35.7347,43.4884
NESM3,east,hist,2002,10.3754,0.0
NESM3,east,hist,2003,32.0516,52.6854
NESM3,east,hist,2004,35.3268,53.0749
NESM3,east,hist,2005,3.174,0.0
NESM3,east,hist,2006,13.0284,0.0
NESM3,east,hist,2007,4.1923,0.0
NESM3,east,hist,2008,26.0602,23.6203
NESM3,east,hist,2009,30.8035,43.0012
NESM3,east,hist,2010,22.6495,3.6268
NESM3,east,hist,2011,14.8745,0.0
NESM3,east,hist,2012,14.4879,0.7583
NESM3,east,hist,2013,9.9843,0.0
NESM3,east,hist,2014,4.3975,0.0
NESM3,east,fut,2076,20.9049,16.5147
NESM3,east,fut,2077,9.3951,0.0
NESM3,east,fut,2078,10.0313,0.0
NESM3,east,fut,2079,0.1949,0.0
NESM3,east,fut,2080,15.6369,0.0
NESM3,east,fut,2081,33.6604,30.8554
NESM3,east,fut,2082,40.7364,45.3659
NESM3,east,fut,2083,20.1408,4.8186
NESM3,east,fut,2084,13.8714,0.0
NESM3,east,fut,2085,38.9737,62.3377
NESM3,east,fut,2086,26.7047,33.7212
NESM3,east,fut,2087,17.3589,2.1038
NESM3,east,fut,2088,35.7306,33.8207
NESM3,east,fut,2089,9.082,0.0
NESM3,east,fut,2090,50.4748,60.7492
NESM3,east,fut,2091,35.4562,54.9336
NESM3,east,fut,2092,16.0887,3.544
NESM3,east,fut,2093,7.5974,0.0
NESM3,east,fut,2094,27.0768,19.6516
NESM3,east,fut,2095,16.2439,7.0108
NESM3,east,fut,2096,26.4988,18.9527
NESM3,east,fut,2097,10.7293,0.0
NESM3,east,fut,2098,6.4054,0.0
NESM3,east,fut,2099,7.2171,0.0
NESM3,east,fut,2100,60.2072,93.1022
NorESM2-LM,uae,hist,1990,15.7626,7.3675
NorESM2-LM,uae,hist,1991,26.9677,18.4239
NorESM2-LM,uae,hist,1992,11.752,2.1963
NorESM2-LM,uae,hist,1993,46.7778,51.209
NorESM2-LM,uae,hist,1994,5.2952,0.7209
NorESM2-LM,uae,hist,1995,14.5874,8.3325
NorESM2-LM,uae,hist,1996,5.5246,0.0594
NorESM2-LM,uae,hist,1997,17.0612,9.7245
NorESM2-LM,uae,hist,1998,19.7155,18.0627
NorESM2-LM,uae,hist,1999,6.1962,0.2711
NorESM2-LM,uae,hist,2000,19.0814,18.3085
NorESM2-LM,uae,hist,2001,3.111,0.0
NorESM2-LM,uae,hist,2002,5.1881,0.0
NorESM2-LM,uae,hist,2003,3.0776,0.0
NorESM2-LM,uae,hist,2004,8.7517,0.2641
NorESM2-LM,uae,hist,2005,8.2061,0.8832
NorESM2-LM,uae,hist,2006,15.9248,6.5579
NorESM2-LM,uae,hist,2007,7.4776,0.1079
NorESM2-LM,uae,hist,2008,26.094,32.2137
NorESM2-LM,uae,hist,2009,6.953,0.5597
NorESM2-LM,uae,hist,2010,8.4825,0.0
NorESM2-LM,uae,hist,2011,18.2846,13.5394
NorESM2-LM,uae,hist,2012,12.0327,0.5008
NorESM2-LM,uae,hist,2013,17.4358,8.6657
NorESM2-LM,uae,hist,2014,26.9953,62.022
NorESM2-LM,uae,fut,2076,24.4319,22.0282
NorESM2-LM,uae,fut,2077,31.2594,64.197
NorESM2-LM,uae,fut,2078,14.8888,5.8473
NorESM2-LM,uae,fut,2079,1.5282,0.0
NorESM2-LM,uae,fut,2080,24.7711,37.9542
NorESM2-LM,uae,fut,2081,3.0542,0.0
NorESM2-LM,uae,fut,2082,29.6124,30.1265
NorESM2-LM,uae,fut,2083,13.1265,8.5563
NorESM2-LM,uae,fut,2084,15.7657,9.8643
NorESM2-LM,uae,fut,2085,19.4792,27.3798
NorESM2-LM,uae,fut,2086,5.2851,0.0
NorESM2-LM,uae,fut,2087,19.2178,9.5161
NorESM2-LM,uae,fut,2088,17.3927,14.9598
NorESM2-LM,uae,fut,2089,12.9165,4.7692
NorESM2-LM,uae,fut,2090,9.6468,1.3673
NorESM2-LM,uae,fut,2091,15.2989,7.2014
NorESM2-LM,uae,fut,2092,3.3895,0.0
NorESM2-LM,uae,fut,2093,11.9693,0.8811
NorESM2-LM,uae,fut,2094,10.0628,2.604
NorESM2-LM,uae,fut,2095,11.541,3.6804
NorESM2-LM,uae,fut,2096,7.9949,1.7366
NorESM2-LM,uae,fut,2097,10.8171,4.3363
NorESM2-LM,uae,fut,2098,10.8569,1.916
NorESM2-LM,uae,fut,2099,10.0028,2.2424
NorESM2-LM,uae,fut,2100,1.5378,0.0
NorESM2-LM,east,hist,1990,23.2863,15.9588
NorESM2-LM,east,hist,1991,47.6987,44.0668
NorESM2-LM,east,hist,1992,16.7507,3.159
NorESM2-LM,east,hist,1993,55.3307,95.3796
NorESM2-LM,east,hist,1994,15.6393,5.1292
NorESM2-LM,east,hist,1995,23.91,19.4816
NorESM2-LM,east,hist,1996,15.4177,1.0515
NorESM2-LM,east,hist,1997,23.0426,31.4961
NorESM2-LM,east,hist,1998,37.5191,99.4058
NorESM2-LM,east,hist,1999,8.5139,0.0
NorESM2-LM,east,hist,2000,25.8746,45.6516
NorESM2-LM,east,hist,2001,4.1017,0.0
NorESM2-LM,east,hist,2002,7.5323,0.0
NorESM2-LM,east,hist,2003,6.6798,0.0
NorESM2-LM,east,hist,2004,10.9634,0.0
NorESM2-LM,east,hist,2005,19.1897,4.5639
NorESM2-LM,east,hist,2006,19.2691,7.2595
NorESM2-LM,east,hist,2007,15.1336,0.0
NorESM2-LM,east,hist,2008,29.7098,73.1327
NorESM2-LM,east,hist,2009,6.907,0.0
NorESM2-LM,east,hist,2010,10.5721,0.0
NorESM2-LM,east,hist,2011,25.3637,43.6173
NorESM2-LM,east,hist,2012,16.833,3.3461
NorESM2-LM,east,hist,2013,33.9355,31.1076
NorESM2-LM,east,hist,2014,26.0451,65.5252
NorESM2-LM,east,fut,2076,48.9195,78.8879
NorESM2-LM,east,fut,2077,39.9331,122.4235
NorESM2-LM,east,fut,2078,22.104,18.3917
NorESM2-LM,east,fut,2079,1.4376,0.0
NorESM2-LM,east,fut,2080,39.2949,74.4271
NorESM2-LM,east,fut,2081,6.5119,0.0
NorESM2-LM,east,fut,2082,24.8849,18.3743
NorESM2-LM,east,fut,2083,14.1991,7.2121
NorESM2-LM,east,fut,2084,22.7423,28.8821
NorESM2-LM,east,fut,2085,27.4091,56.5928
NorESM2-LM,east,fut,2086,15.8589,0.0
NorESM2-LM,east,fut,2087,14.6632,0.9638
NorESM2-LM,east,fut,2088,28.896,56.898
NorESM2-LM,east,fut,2089,14.3632,0.866
NorESM2-LM,east,fut,2090,16.9086,5.1397
NorESM2-LM,east,fut,2091,27.418,33.245
NorESM2-LM,east,fut,2092,7.2431,0.0
NorESM2-LM,east,fut,2093,16.3941,1.4126
NorESM2-LM,east,fut,2094,22.9841,22.6595
NorESM2-LM,east,fut,2095,16.4608,1.7686
NorESM2-LM,east,fut,2096,16.6618,7.6736
NorESM2-LM,east,fut,2097,19.4419,15.8903
NorESM2-LM,east,fut,2098,25.6417,19.0631
NorESM2-LM,east,fut,2099,17.3731,3.9523
NorESM2-LM,east,fut,2100,3.0978,0.0
NorESM2-MM,uae,hist,1990,35.2135,34.7564
NorESM2-MM,uae,hist,1991,10.9467,3.7056
NorESM2-MM,uae,hist,1992,1.4652,0.0
NorESM2-MM,uae,hist,1993,18.3789,9.0635
NorESM2-MM,uae,hist,1994,21.2132,22.554
NorESM2-MM,uae,hist,1995,13.6108,2.9787
NorESM2-MM,uae,hist,1996,5.6855,0.0739
NorESM2-MM,uae,hist,1997,17.5672,6.3005
NorESM2-MM,uae,hist,1998,10.1692,3.6472
NorESM2-MM,uae,hist,1999,7.6296,0.0
NorESM2-MM,uae,hist,2000,6.9773,0.3271
NorESM2-MM,uae,hist,2001,27.1743,32.1076
NorESM2-MM,uae,hist,2002,6.3933,0.0536
NorESM2-MM,uae,hist,2003,14.7989,9.5384
NorESM2-MM,uae,hist,2004,28.7942,38.6231
NorESM2-MM,uae,hist,2005,13.8951,1.512
NorESM2-MM,uae,hist,2006,12.0996,0.6853
NorESM2-MM,uae,hist,2007,17.4228,6.2612
NorESM2-MM,uae,hist,2008,12.2376,2.4241
NorESM2-MM,uae,hist,2009,16.4009,9.9857
NorESM2-MM,uae,hist,2010,9.0647,0.212
NorESM2-MM,uae,hist,2011,7.6753,0.3996
NorESM2-MM,uae,hist,2012,3.7241,0.0
NorESM2-MM,uae,hist,2013,6.6007,0.2416
NorESM2-MM,uae,hist,2014,20.265,13.0035
NorESM2-MM,uae,fut,2076,18.7812,10.1584
NorESM2-MM,uae,fut,2077,25.0902,27.7556
NorESM2-MM,uae,fut,2078,29.1872,32.2015
NorESM2-MM,uae,fut,2079,9.7353,0.026
NorESM2-MM,uae,fut,2080,27.8398,20.6976
NorESM2-MM,uae,fut,2081,1.7651,0.0
NorESM2-MM,uae,fut,2082,5.084,0.0
NorESM2-MM,uae,fut,2083,15.9701,2.3399
NorESM2-MM,uae,fut,2084,18.6774,12.7061
NorESM2-MM,uae,fut,2085,7.347,0.4967
NorESM2-MM,uae,fut,2086,4.5716,0.0378
NorESM2-MM,uae,fut,2087,3.0098,0.0
NorESM2-MM,uae,fut,2088,24.5404,15.9103
NorESM2-MM,uae,fut,2089,19.1195,13.9912
NorESM2-MM,uae,fut,2090,26.515,22.4913
NorESM2-MM,uae,fut,2091,11.8902,3.0417
NorESM2-MM,uae,fut,2092,0.6443,0.0
NorESM2-MM,uae,fut,2093,21.2044,11.8542
NorESM2-MM,uae,fut,2094,17.0842,8.3056
NorESM2-MM,uae,fut,2095,12.6127,1.5423
NorESM2-MM,uae,fut,2096,5.4412,0.2337
NorESM2-MM,uae,fut,2097,18.8789,9.2008
NorESM2-MM,uae,fut,2098,8.5154,0.0
NorESM2-MM,uae,fut,2099,11.9983,2.9885
NorESM2-MM,uae,fut,2100,21.0555,11.836
NorESM2-MM,east,hist,1990,47.3738,78.3599
NorESM2-MM,east,hist,1991,26.2103,16.0253
NorESM2-MM,east,hist,1992,3.8968,0.0
NorESM2-MM,east,hist,1993,24.896,9.066
NorESM2-MM,east,hist,1994,35.0624,78.4979
NorESM2-MM,east,hist,1995,27.8378,17.9209
NorESM2-MM,east,hist,1996,13.2145,0.0
NorESM2-MM,east,hist,1997,22.8083,11.2386
NorESM2-MM,east,hist,1998,25.8168,17.0406
NorESM2-MM,east,hist,1999,14.7009,0.0
NorESM2-MM,east,hist,2000,12.1964,1.9506
NorESM2-MM,east,hist,2001,54.8484,78.3742
NorESM2-MM,east,hist,2002,7.6898,0.0
NorESM2-MM,east,hist,2003,34.3062,39.6044
NorESM2-MM,east,hist,2004,30.056,37.2815
NorESM2-MM,east,hist,2005,19.2881,6.906
NorESM2-MM,east,hist,2006,19.9261,3.0292
NorESM2-MM,east,hist,2007,26.8248,26.0882
NorESM2-MM,east,hist,2008,15.3401,1.1555
NorESM2-MM,east,hist,2009,26.5673,22.8522
NorESM2-MM,east,hist,2010,9.4868,0.0
NorESM2-MM,east,hist,2011,19.3158,1.9969
NorESM2-MM,east,hist,2012,8.4874,0.0
NorESM2-MM,east,hist,2013,17.4684,1.1114
NorESM2-MM,east,hist,2014,35.2591,39.2666
NorESM2-MM,east,fut,2076,20.0059,1.1088
NorESM2-MM,east,fut,2077,31.3361,51.4688
NorESM2-MM,east,fut,2078,37.1161,82.5563
NorESM2-MM,east,fut,2079,6.767,0.0
NorESM2-MM,east,fut,2080,31.1695,42.9177
NorESM2-MM,east,fut,2081,3.2034,0.0
NorESM2-MM,east,fut,2082,5.3757,0.0
NorESM2-MM,east,fut,2083,22.7961,5.9099
NorESM2-MM,east,fut,2084,28.5279,31.5206
NorESM2-MM,east,fut,2085,10.3922,0.0
NorESM2-MM,east,fut,2086,5.0003,0.0
NorESM2-MM,east,fut,2087,6.2947,0.0
NorESM2-MM,east,fut,2088,29.5001,19.7601
NorESM2-MM,east,fut,2089,47.8174,82.1716
NorESM2-MM,east,fut,2090,41.2095,65.9234
NorESM2-MM,east,fut,2091,9.5354,0.0
NorESM2-MM,east,fut,2092,1.404,0.0
NorESM2-MM,east,fut,2093,55.1664,50.5692
NorESM2-MM,east,fut,2094,9.8909,0.0
NorESM2-MM,east,fut,2095,25.5434,12.9886
NorESM2-MM,east,fut,2096,12.9178,0.0
NorESM2-MM,east,fut,2097,25.1668,14.7437
NorESM2-MM,east,fut,2098,11.1063,0.0
NorESM2-MM,east,fut,2099,23.5584,8.5534
NorESM2-MM,east,fut,2100,38.0868,37.1979
TaiESM1,uae,hist,1990,2.7051,0.0
TaiESM1,uae,hist,1991,20.1648,21.0632
TaiESM1,uae,hist,1992,2.1079,0.0
TaiESM1,uae,hist,1993,21.5929,19.437
TaiESM1,uae,hist,1994,26.6195,35.2095
TaiESM1,uae,hist,1995,1.829,0.0
TaiESM1,uae,hist,1996,14.6084,6.1557
TaiESM1,uae,hist,1997,13.5377,5.5238
TaiESM1,uae,hist,1998,32.9356,35.0306
TaiESM1,uae,hist,1999,12.9562,3.5935
TaiESM1,uae,hist,2000,7.0687,0.5896
TaiESM1,uae,hist,2001,1.8308,0.0
TaiESM1,uae,hist,2002,2.4603,0.0
TaiESM1,uae,hist,2003,2.8775,0.0673
TaiESM1,uae,hist,2004,18.4216,10.804
TaiESM1,uae,hist,2005,8.908,0.3506
TaiESM1,uae,hist,2006,0.8411,0.0
TaiESM1,uae,hist,2007,9.211,1.1938
TaiESM1,uae,hist,2008,2.1898,0.0
TaiESM1,uae,hist,2009,4.9529,0.0
TaiESM1,uae,hist,2010,9.2021,0.753
TaiESM1,uae,hist,2011,27.1601,31.4357
TaiESM1,uae,hist,2012,6.3376,0.1039
TaiESM1,uae,hist,2013,2.2128,0.0
TaiESM1,uae,hist,2014,7.6812,2.9025
TaiESM1,uae,fut,2076,7.0805,1.6756
TaiESM1,uae,fut,2077,11.5206,2.4597
TaiESM1,uae,fut,2078,31.6249,96.2509
TaiESM1,uae,fut,2079,3.15,0.097
TaiESM1,uae,fut,2080,15.4323,11.0002
TaiESM1,uae,fut,2081,33.1237,64.1523
TaiESM1,uae,fut,2082,45.5333,81.6847
TaiESM1,uae,fut,2083,6.5815,0.0
TaiESM1,uae,fut,2084,1.7262,0.0
TaiESM1,uae,fut,2085,26.2433,41.2754
TaiESM1,uae,fut,2086,13.9807,6.3148
TaiESM1,uae,fut,2087,8.3484,2.8968
TaiESM1,uae,fut,2088,10.6204,4.2778
TaiESM1,uae,fut,2089,15.9679,8.0023
TaiESM1,uae,fut,2090,29.7832,57.9312
TaiESM1,uae,fut,2091,32.5216,79.4659
TaiESM1,uae,fut,2092,4.4392,0.7782
TaiESM1,uae,fut,2093,8.8596,2.3996
TaiESM1,uae,fut,2094,5.9795,0.0
TaiESM1,uae,fut,2095,25.7641,34.4178
TaiESM1,uae,fut,2096,15.0408,6.7036
TaiESM1,uae,fut,2097,4.6846,0.3348
TaiESM1,uae,fut,2098,23.9727,32.073
TaiESM1,uae,fut,2099,5.5854,0.6459
TaiESM1,uae,fut,2100,25.017,30.9279
TaiESM1,east,hist,1990,5.7364,0.0
TaiESM1,east,hist,1991,26.9344,35.8195
TaiESM1,east,hist,1992,4.0111,0.0
TaiESM1,east,hist,1993,28.326,27.5204
TaiESM1,east,hist,1994,57.3461,165.5728
TaiESM1,east,hist,1995,4.3008,0.0
TaiESM1,east,hist,1996,19.6163,7.6714
TaiESM1,east,hist,1997,22.248,15.7812
TaiESM1,east,hist,1998,37.2932,67.3952
TaiESM1,east,hist,1999,19.6891,6.3444
TaiESM1,east,hist,2000,15.6257,0.0
TaiESM1,east,hist,2001,6.8994,0.0
TaiESM1,east,hist,2002,6.4663,0.0
TaiESM1,east,hist,2003,5.1724,0.0
TaiESM1,east,hist,2004,22.4058,20.3875
TaiESM1,east,hist,2005,14.5637,1.7655
TaiESM1,east,hist,2006,1.0864,0.0
TaiESM1,east,hist,2007,18.9634,3.6544
TaiESM1,east,hist,2008,3.2073,0.0
TaiESM1,east,hist,2009,11.0678,0.0
TaiESM1,east,hist,2010,18.5861,5.0775
TaiESM1,east,hist,2011,29.9657,80.2894
TaiESM1,east,hist,2012,13.3097,0.7811
TaiESM1,east,hist,2013,4.2963,0.0
TaiESM1,east,hist,2014,23.9001,15.5749
TaiESM1,east,fut,2076,15.467,3.1291
TaiESM1,east,fut,2077,10.2639,0.0
TaiESM1,east,fut,2078,37.605,106.4025
TaiESM1,east,fut,2079,4.5863,0.0
TaiESM1,east,fut,2080,22.9964,19.1787
TaiESM1,east,fut,2081,42.1168,110.241
TaiESM1,east,fut,2082,49.7402,154.866
TaiESM1,east,fut,2083,10.8718,0.0
TaiESM1,east,fut,2084,2.5508,0.0
TaiESM1,east,fut,2085,33.5278,64.4025
TaiESM1,east,fut,2086,19.277,7.0612
TaiESM1,east,fut,2087,22.4509,15.4811
TaiESM1,east,fut,2088,29.2346,34.8373
TaiESM1,east,fut,2089,13.3576,4.4318
TaiESM1,east,fut,2090,37.1783,117.065
TaiESM1,east,fut,2091,41.2439,189.6659
TaiESM1,east,fut,2092,5.775,0.0
TaiESM1,east,fut,2093,8.4722,0.0
TaiESM1,east,fut,2094,7.7062,0.0
TaiESM1,east,fut,2095,35.3172,58.4296
TaiESM1,east,fut,2096,20.2704,22.1598
TaiESM1,east,fut,2097,7.0127,0.0
TaiESM1,east,fut,2098,36.8095,64.5368
TaiESM1,east,fut,2099,4.6781,0.0
TaiESM1,east,fut,2100,34.0318,57.6829
UKESM1-0-LL,uae,hist,1990,14.6625,5.0449
UKESM1-0-LL,uae,hist,1991,8.0487,0.0339
UKESM1-0-LL,uae,hist,1992,2.5383,0.0
UKESM1-0-LL,uae,hist,1993,10.998,2.2694
UKESM1-0-LL,uae,hist,1994,43.34,81.5784
UKESM1-0-LL,uae,hist,1995,8.2621,0.0337
UKESM1-0-LL,uae,hist,1996,5.0857,0.0
UKESM1-0-LL,uae,hist,1997,10.7078,2.6791
UKESM1-0-LL,uae,hist,1998,4.296,0.0
UKESM1-0-LL,uae,hist,1999,28.7317,27.1008
UKESM1-0-LL,uae,hist,2000,8.0507,0.279
UKESM1-0-LL,uae,hist,2001,18.4915,7.1033
UKESM1-0-LL,uae,hist,2002,13.0457,4.2471
UKESM1-0-LL,uae,hist,2003,19.1618,9.958
UKESM1-0-LL,uae,hist,2004,9.3296,1.1357
UKESM1-0-LL,uae,hist,2005,4.7446,0.0
UKESM1-0-LL,uae,hist,2006,24.4193,25.1169
UKESM1-0-LL,uae,hist,2007,18.2428,7.086
UKESM1-0-LL,uae,hist,2008,29.1232,28.7117
UKESM1-0-LL,uae,hist,2009,4.608,0.0
UKESM1-0-LL,uae,hist,2010,27.1934,14.289
UKESM1-0-LL,uae,hist,2011,24.3319,15.3137
UKESM1-0-LL,uae,hist,2012,7.4353,1.4924
UKESM1-0-LL,uae,hist,2013,13.2109,1.8968
UKESM1-0-LL,uae,hist,2014,5.8535,1.5094
UKESM1-0-LL,uae,fut,2076,27.1994,29.5398
UKESM1-0-LL,uae,fut,2077,21.2902,12.1028
UKESM1-0-LL,uae,fut,2078,28.3922,33.7019
UKESM1-0-LL,uae,fut,2079,40.8384,82.6031
UKESM1-0-LL,uae,fut,2080,32.3637,35.214
UKESM1-0-LL,uae,fut,2081,25.6386,33.9035
UKESM1-0-LL,uae,fut,2082,13.3589,8.0942
UKESM1-0-LL,uae,fut,2083,4.0996,0.0
UKESM1-0-LL,uae,fut,2084,27.883,48.706
UKESM1-0-LL,uae,fut,2085,33.0814,65.8565
UKESM1-0-LL,uae,fut,2086,11.1105,1.7817
UKESM1-0-LL,uae,fut,2087,28.2809,45.241
UKESM1-0-LL,uae,fut,2088,31.7896,50.1383
UKESM1-0-LL,uae,fut,2089,29.0868,86.8296
UKESM1-0-LL,uae,fut,2090,22.0891,23.7396
UKESM1-0-LL,uae,fut,2091,12.2777,2.1459
UKESM1-0-LL,uae,fut,2092,8.1944,1.5846
UKESM1-0-LL,uae,fut,2093,6.3004,0.0
UKESM1-0-LL,uae,fut,2094,11.9295,1.9739
UKESM1-0-LL,uae,fut,2095,35.9066,71.6447
UKESM1-0-LL,uae,fut,2096,37.3444,65.339
UKESM1-0-LL,uae,fut,2097,29.3158,40.5555
UKESM1-0-LL,uae,fut,2098,28.0896,44.1522
UKESM1-0-LL,uae,fut,2099,31.3333,48.2307
UKESM1-0-LL,uae,fut,2100,27.7052,23.8956
UKESM1-0-LL,east,hist,1990,26.3796,28.9507
UKESM1-0-LL,east,hist,1991,16.0705,0.0
UKESM1-0-LL,east,hist,1992,3.3115,0.0
UKESM1-0-LL,east,hist,1993,17.4548,0.0
UKESM1-0-LL,east,hist,1994,50.1909,155.3555
UKESM1-0-LL,east,hist,1995,12.7855,0.0
UKESM1-0-LL,east,hist,1996,3.6969,0.0
UKESM1-0-LL,east,hist,1997,22.8136,14.7675
UKESM1-0-LL,east,hist,1998,6.0147,0.0
UKESM1-0-LL,east,hist,1999,29.0392,36.6318
UKESM1-0-LL,east,hist,2000,19.6312,0.0
UKESM1-0-LL,east,hist,2001,27.4637,25.8871
UKESM1-0-LL,east,hist,2002,30.6097,24.6021
UKESM1-0-LL,east,hist,2003,22.3273,8.3431
UKESM1-0-LL,east,hist,2004,16.6181,4.5477
UKESM1-0-LL,east,hist,2005,5.0582,0.0
UKESM1-0-LL,east,hist,2006,35.8886,84.0795
UKESM1-0-LL,east,hist,2007,20.5101,5.338
UKESM1-0-LL,east,hist,2008,32.0415,47.1911
UKESM1-0-LL,east,hist,2009,10.2192,0.0
UKESM1-0-LL,east,hist,2010,37.5788,30.8768
UKESM1-0-LL,east,hist,2011,22.4992,17.3736
UKESM1-0-LL,east,hist,2012,9.5619,0.0
UKESM1-0-LL,east,hist,2013,21.2206,5.2602
UKESM1-0-LL,east,hist,2014,19.7216,12.5299
UKESM1-0-LL,east,fut,2076,25.0776,21.5423
UKESM1-0-LL,east,fut,2077,36.0143,41.7683
UKESM1-0-LL,east,fut,2078,40.2494,108.2639
UKESM1-0-LL,east,fut,2079,41.5883,120.1737
UKESM1-0-LL,east,fut,2080,38.1899,67.5683
UKESM1-0-LL,east,fut,2081,33.3393,70.1914
UKESM1-0-LL,east,fut,2082,31.2768,43.9523
UKESM1-0-LL,east,fut,2083,5.6803,0.0
UKESM1-0-LL,east,fut,2084,35.6226,79.0142
UKESM1-0-LL,east,fut,2085,37.8098,97.5321
UKESM1-0-LL,east,fut,2086,11.0605,0.0
UKESM1-0-LL,east,fut,2087,27.4774,35.346
UKESM1-0-LL,east,fut,2088,46.8706,77.3077
UKESM1-0-LL,east,fut,2089,38.3025,136.0209
UKESM1-0-LL,east,fut,2090,21.2646,5.9396
UKESM1-0-LL,east,fut,2091,12.678,0.0
UKESM1-0-LL,east,fut,2092,4.5484,0.0
UKESM1-0-LL,east,fut,2093,6.0591,0.0
UKESM1-0-LL,east,fut,2094,11.6888,0.0
UKESM1-0-LL,east,fut,2095,55.4845,118.3413
UKESM1-0-LL,east,fut,2096,55.0578,149.0028
UKESM1-0-LL,east,fut,2097,53.6229,157.5301
UKESM1-0-LL,east,fut,2098,33.3107,56.581
UKESM1-0-LL,east,fut,2099,42.392,125.0124
UKESM1-0-LL,east,fut,2100,22.3865,9.7736
